NATIVE PHASE: memory start
EXEC MEMORY pool_limit=131059472 reserve=262144 flags=4
NATIVE PHASE: mixed component cost start
NATIVE MIXED COMPONENT current voices=2 total=349 frequency=709379 bits=8 case=0
NATIVE MIXED COMPONENT current voices=2 total=349 frequency=709379 bits=8 case=1
NATIVE MIXED COMPONENT current voices=2 total=335 frequency=709379 bits=8 case=2
NATIVE MIXED COMPONENT current voices=2 total=347 frequency=709379 bits=8 case=3
NATIVE MIXED COMPONENT next_start voices=2 total=653 frequency=709379 bits=8
NATIVE MIXED COMPONENT prefetch voices=2 total=632 frequency=709379 bits=8 case=1
NATIVE MIXED COMPONENT prefetch voices=2 total=4745 frequency=709379 bits=8 case=2
NATIVE MIXED COMPONENT prefetch voices=2 total=1364 frequency=709379 bits=8 case=3
NATIVE MIXED COMPONENT prefetch voices=2 total=2437 frequency=709379 bits=8 case=4
NATIVE MIXED COMPONENT prefetch voices=2 total=2431 frequency=709379 bits=8 case=5
NATIVE MIXED COMPONENT prefetch voices=2 total=2496 frequency=709379 bits=8 case=6
NATIVE MIXED COMPONENT prefetch voices=2 total=2502 frequency=709379 bits=8 case=7
NATIVE MIXED COMPONENT prefetch voices=2 total=2523 frequency=709379 bits=8 case=8
NATIVE MIXED COMPONENT prefetch voices=2 total=2493 frequency=709379 bits=8 case=9
NATIVE MIXED COMPONENT prefetch voices=2 total=2488 frequency=709379 bits=8 case=10
NATIVE MIXED COMPONENT prefetch voices=2 total=2915 frequency=709379 bits=8 case=11
NATIVE MIXED COMPONENT prefetch voices=2 total=1143 frequency=709379 bits=8 case=12
NATIVE MIXED COMPONENT prefetch voices=2 total=1969 frequency=709379 bits=8 case=13
NATIVE MIXED COMPONENT prefetch voices=2 total=833 frequency=709379 bits=8 case=14
NATIVE MIXED COMPONENT prefetch voices=2 total=6549 frequency=709379 bits=8 case=15
NATIVE MIXED COMPONENT prefetch voices=2 total=6973 frequency=709379 bits=8 case=16
NATIVE MIXED COMPONENT prefetch voices=2 total=6600 frequency=709379 bits=8 case=17
NATIVE MIXED COMPONENT prefetch voices=2 total=21526 frequency=709379 bits=8 case=18
NATIVE MIXED COMPONENT prefetch voices=2 total=6598 frequency=709379 bits=8 case=19
NATIVE MIXED COMPONENT prefetch voices=2 total=10476 frequency=709379 bits=8 case=20
NATIVE MIXED COMPONENT prefetch voices=2 total=6778 frequency=709379 bits=8 case=21
NATIVE MIXED COMPONENT prefetch voices=2 total=6673 frequency=709379 bits=8 case=22
NATIVE MIXED COMPONENT prefetch voices=2 total=521 frequency=709379 bits=8 case=23
NATIVE MIXED COMPONENT prefetch voices=2 total=784 frequency=709379 bits=8 case=24
NATIVE MIXED COMPONENT prefetch voices=2 total=685 frequency=709379 bits=8 case=25
NATIVE MIXED COMPONENT prefetch voices=2 total=570 frequency=709379 bits=8 case=26
NATIVE MIXED COMPONENT complete voices=2 before_first=1327 first_to_last=65 last_to_return=338 total=1730 frequency=709379 bits=8
NATIVE MIXED ACCESSOR masters voices=2 total=138 frequency=709379 bits=8 case=0 count=2
NATIVE MIXED ACCESSOR paula_current voices=2 total=89 frequency=709379 bits=8 case=0
NATIVE MIXED ACCESSOR amigus_current voices=2 total=43 frequency=709379 bits=8 case=0
NATIVE MIXED ACCESSOR paula_live_locations voices=2 total=116 frequency=709379 bits=8 case=0 count=1
NATIVE MIXED ACCESSOR amigus_live_locations voices=2 total=96 frequency=709379 bits=8 case=0 count=1
NATIVE MIXED ACCESSOR masters voices=2 total=138 frequency=709379 bits=8 case=1 count=2
NATIVE MIXED ACCESSOR paula_current voices=2 total=90 frequency=709379 bits=8 case=1
NATIVE MIXED ACCESSOR amigus_current voices=2 total=43 frequency=709379 bits=8 case=1
NATIVE MIXED ACCESSOR paula_live_locations voices=2 total=117 frequency=709379 bits=8 case=1 count=1
NATIVE MIXED ACCESSOR amigus_live_locations voices=2 total=98 frequency=709379 bits=8 case=1 count=1
NATIVE MIXED ACCESSOR masters voices=2 total=138 frequency=709379 bits=8 case=2 count=2
NATIVE MIXED ACCESSOR paula_current voices=2 total=89 frequency=709379 bits=8 case=2
NATIVE MIXED ACCESSOR amigus_current voices=2 total=43 frequency=709379 bits=8 case=2
NATIVE MIXED ACCESSOR paula_live_locations voices=2 total=116 frequency=709379 bits=8 case=2 count=1
NATIVE MIXED ACCESSOR amigus_live_locations voices=2 total=97 frequency=709379 bits=8 case=2 count=1
NATIVE MIXED ACCESSOR masters voices=2 total=138 frequency=709379 bits=8 case=3 count=2
NATIVE MIXED ACCESSOR paula_current voices=2 total=89 frequency=709379 bits=8 case=3
NATIVE MIXED ACCESSOR amigus_current voices=2 total=42 frequency=709379 bits=8 case=3
NATIVE MIXED ACCESSOR paula_live_locations voices=2 total=117 frequency=709379 bits=8 case=3 count=1
NATIVE MIXED ACCESSOR amigus_live_locations voices=2 total=97 frequency=709379 bits=8 case=3 count=1
NATIVE MIXED COMPONENT cancel_idle voices=2 total=159 frequency=709379 bits=8 case=0
NATIVE MIXED COMPONENT lookahead_cancel voices=2 total=232 frequency=709379 bits=8 case=0 bytes=5612
NATIVE MIXED COMPONENT cancel_idle voices=2 total=158 frequency=709379 bits=8 case=1
NATIVE MIXED COMPONENT lookahead_cancel voices=2 total=237 frequency=709379 bits=8 case=1 bytes=5612
NATIVE MIXED COMPONENT cancel_idle voices=2 total=159 frequency=709379 bits=8 case=2
NATIVE MIXED COMPONENT lookahead_cancel voices=2 total=232 frequency=709379 bits=8 case=2 bytes=5612
NATIVE MIXED COMPONENT cancel_idle voices=2 total=157 frequency=709379 bits=8 case=3
NATIVE MIXED COMPONENT lookahead_cancel voices=2 total=238 frequency=709379 bits=8 case=3 bytes=5612
NATIVE MIXED COMPONENT next_live voices=2 total=656 frequency=709379 bits=8
NATIVE MIXED COMPONENT current voices=16 total=335 frequency=709379 bits=8 case=0
NATIVE MIXED COMPONENT current voices=16 total=348 frequency=709379 bits=8 case=1
NATIVE MIXED COMPONENT current voices=16 total=335 frequency=709379 bits=8 case=2
NATIVE MIXED COMPONENT current voices=16 total=345 frequency=709379 bits=8 case=3
NATIVE MIXED COMPONENT next_start voices=16 total=1046 frequency=709379 bits=8
NATIVE MIXED COMPONENT prefetch voices=16 total=635 frequency=709379 bits=8 case=1
NATIVE MIXED COMPONENT prefetch voices=16 total=18479 frequency=709379 bits=8 case=2
NATIVE MIXED COMPONENT prefetch voices=16 total=1375 frequency=709379 bits=8 case=3
NATIVE MIXED COMPONENT prefetch voices=16 total=2465 frequency=709379 bits=8 case=4
NATIVE MIXED COMPONENT prefetch voices=16 total=2731 frequency=709379 bits=8 case=5
NATIVE MIXED COMPONENT prefetch voices=16 total=2482 frequency=709379 bits=8 case=6
NATIVE MIXED COMPONENT prefetch voices=16 total=2464 frequency=709379 bits=8 case=7
NATIVE MIXED COMPONENT prefetch voices=16 total=2479 frequency=709379 bits=8 case=8
NATIVE MIXED COMPONENT prefetch voices=16 total=2730 frequency=709379 bits=8 case=9
NATIVE MIXED COMPONENT prefetch voices=16 total=2480 frequency=709379 bits=8 case=10
NATIVE MIXED COMPONENT prefetch voices=16 total=2903 frequency=709379 bits=8 case=11
NATIVE MIXED COMPONENT prefetch voices=16 total=1681 frequency=709379 bits=8 case=12
NATIVE MIXED COMPONENT prefetch voices=16 total=1686 frequency=709379 bits=8 case=13
NATIVE MIXED COMPONENT prefetch voices=16 total=1682 frequency=709379 bits=8 case=14
NATIVE MIXED COMPONENT prefetch voices=16 total=1129 frequency=709379 bits=8 case=15
NATIVE MIXED COMPONENT prefetch voices=16 total=1153 frequency=709379 bits=8 case=16
NATIVE MIXED COMPONENT prefetch voices=16 total=1128 frequency=709379 bits=8 case=17
NATIVE MIXED COMPONENT prefetch voices=16 total=1131 frequency=709379 bits=8 case=18
NATIVE MIXED COMPONENT prefetch voices=16 total=4620 frequency=709379 bits=8 case=19
NATIVE MIXED COMPONENT prefetch voices=16 total=829 frequency=709379 bits=8 case=20
NATIVE MIXED COMPONENT prefetch voices=16 total=6606 frequency=709379 bits=8 case=21
NATIVE MIXED COMPONENT prefetch voices=16 total=21487 frequency=709379 bits=8 case=22
NATIVE MIXED COMPONENT prefetch voices=16 total=6603 frequency=709379 bits=8 case=23
NATIVE MIXED COMPONENT prefetch voices=16 total=6605 frequency=709379 bits=8 case=24
NATIVE MIXED COMPONENT prefetch voices=16 total=6795 frequency=709379 bits=8 case=25
NATIVE MIXED COMPONENT prefetch voices=16 total=6570 frequency=709379 bits=8 case=26
NATIVE MIXED COMPONENT prefetch voices=16 total=6785 frequency=709379 bits=8 case=27
NATIVE MIXED COMPONENT prefetch voices=16 total=6687 frequency=709379 bits=8 case=28
NATIVE MIXED COMPONENT prefetch voices=16 total=1084 frequency=709379 bits=8 case=29
NATIVE MIXED COMPONENT prefetch voices=16 total=846 frequency=709379 bits=8 case=30
NATIVE MIXED COMPONENT prefetch voices=16 total=842 frequency=709379 bits=8 case=31
NATIVE MIXED COMPONENT prefetch voices=16 total=843 frequency=709379 bits=8 case=32
NATIVE MIXED COMPONENT prefetch voices=16 total=843 frequency=709379 bits=8 case=33
NATIVE MIXED COMPONENT prefetch voices=16 total=844 frequency=709379 bits=8 case=34
NATIVE MIXED COMPONENT prefetch voices=16 total=840 frequency=709379 bits=8 case=35
NATIVE MIXED COMPONENT prefetch voices=16 total=842 frequency=709379 bits=8 case=36
NATIVE MIXED COMPONENT prefetch voices=16 total=843 frequency=709379 bits=8 case=37
NATIVE MIXED COMPONENT prefetch voices=16 total=840 frequency=709379 bits=8 case=38
NATIVE MIXED COMPONENT prefetch voices=16 total=844 frequency=709379 bits=8 case=39
NATIVE MIXED COMPONENT prefetch voices=16 total=543 frequency=709379 bits=8 case=40
NATIVE MIXED COMPONENT prefetch voices=16 total=784 frequency=709379 bits=8 case=41
NATIVE MIXED COMPONENT prefetch voices=16 total=785 frequency=709379 bits=8 case=42
NATIVE MIXED COMPONENT prefetch voices=16 total=775 frequency=709379 bits=8 case=43
NATIVE MIXED COMPONENT prefetch voices=16 total=1457 frequency=709379 bits=8 case=44
NATIVE MIXED COMPONENT prefetch voices=16 total=781 frequency=709379 bits=8 case=45
NATIVE MIXED COMPONENT prefetch voices=16 total=781 frequency=709379 bits=8 case=46
NATIVE MIXED COMPONENT prefetch voices=16 total=783 frequency=709379 bits=8 case=47
NATIVE MIXED COMPONENT prefetch voices=16 total=784 frequency=709379 bits=8 case=48
NATIVE MIXED COMPONENT prefetch voices=16 total=782 frequency=709379 bits=8 case=49
NATIVE MIXED COMPONENT prefetch voices=16 total=782 frequency=709379 bits=8 case=50
NATIVE MIXED COMPONENT prefetch voices=16 total=785 frequency=709379 bits=8 case=51
NATIVE MIXED COMPONENT prefetch voices=16 total=1025 frequency=709379 bits=8 case=52
NATIVE MIXED COMPONENT prefetch voices=16 total=679 frequency=709379 bits=8 case=53
NATIVE MIXED COMPONENT prefetch voices=16 total=687 frequency=709379 bits=8 case=54
NATIVE MIXED COMPONENT prefetch voices=16 total=677 frequency=709379 bits=8 case=55
NATIVE MIXED COMPONENT prefetch voices=16 total=687 frequency=709379 bits=8 case=56
NATIVE MIXED COMPONENT prefetch voices=16 total=676 frequency=709379 bits=8 case=57
NATIVE MIXED COMPONENT prefetch voices=16 total=687 frequency=709379 bits=8 case=58
NATIVE MIXED COMPONENT prefetch voices=16 total=676 frequency=709379 bits=8 case=59
NATIVE MIXED COMPONENT prefetch voices=16 total=687 frequency=709379 bits=8 case=60
NATIVE MIXED COMPONENT prefetch voices=16 total=687 frequency=709379 bits=8 case=61
NATIVE MIXED COMPONENT prefetch voices=16 total=679 frequency=709379 bits=8 case=62
NATIVE MIXED COMPONENT prefetch voices=16 total=688 frequency=709379 bits=8 case=63
NATIVE MIXED COMPONENT prefetch voices=16 total=679 frequency=709379 bits=8 case=64
NATIVE MIXED COMPONENT prefetch voices=16 total=1146 frequency=709379 bits=8 case=65
NATIVE MIXED COMPONENT complete voices=16 before_first=2038 first_to_last=879 last_to_return=542 total=3459 frequency=709379 bits=8
NATIVE MIXED ACCESSOR masters voices=16 total=139 frequency=709379 bits=8 case=0 count=2
NATIVE MIXED ACCESSOR paula_current voices=16 total=88 frequency=709379 bits=8 case=0
NATIVE MIXED ACCESSOR amigus_current voices=16 total=42 frequency=709379 bits=8 case=0
NATIVE MIXED ACCESSOR paula_live_locations voices=16 total=360 frequency=709379 bits=8 case=0 count=4
NATIVE MIXED ACCESSOR amigus_live_locations voices=16 total=623 frequency=709379 bits=8 case=0 count=12
NATIVE MIXED ACCESSOR masters voices=16 total=140 frequency=709379 bits=8 case=1 count=2
NATIVE MIXED ACCESSOR paula_current voices=16 total=88 frequency=709379 bits=8 case=1
NATIVE MIXED ACCESSOR amigus_current voices=16 total=42 frequency=709379 bits=8 case=1
NATIVE MIXED ACCESSOR paula_live_locations voices=16 total=362 frequency=709379 bits=8 case=1 count=4
NATIVE MIXED ACCESSOR amigus_live_locations voices=16 total=616 frequency=709379 bits=8 case=1 count=12
NATIVE MIXED ACCESSOR masters voices=16 total=139 frequency=709379 bits=8 case=2 count=2
NATIVE MIXED ACCESSOR paula_current voices=16 total=88 frequency=709379 bits=8 case=2
NATIVE MIXED ACCESSOR amigus_current voices=16 total=43 frequency=709379 bits=8 case=2
NATIVE MIXED ACCESSOR paula_live_locations voices=16 total=397 frequency=709379 bits=8 case=2 count=4
NATIVE MIXED ACCESSOR amigus_live_locations voices=16 total=617 frequency=709379 bits=8 case=2 count=12
NATIVE MIXED ACCESSOR masters voices=16 total=138 frequency=709379 bits=8 case=3 count=2
NATIVE MIXED ACCESSOR paula_current voices=16 total=90 frequency=709379 bits=8 case=3
NATIVE MIXED ACCESSOR amigus_current voices=16 total=43 frequency=709379 bits=8 case=3
NATIVE MIXED ACCESSOR paula_live_locations voices=16 total=358 frequency=709379 bits=8 case=3 count=4
NATIVE MIXED ACCESSOR amigus_live_locations voices=16 total=621 frequency=709379 bits=8 case=3 count=12
NATIVE MIXED COMPONENT cancel_idle voices=16 total=158 frequency=709379 bits=8 case=0
NATIVE MIXED COMPONENT lookahead_cancel voices=16 total=236 frequency=709379 bits=8 case=0 bytes=5612
NATIVE MIXED COMPONENT cancel_idle voices=16 total=159 frequency=709379 bits=8 case=1
NATIVE MIXED COMPONENT lookahead_cancel voices=16 total=233 frequency=709379 bits=8 case=1 bytes=5612
NATIVE MIXED COMPONENT cancel_idle voices=16 total=157 frequency=709379 bits=8 case=2
NATIVE MIXED COMPONENT lookahead_cancel voices=16 total=237 frequency=709379 bits=8 case=2 bytes=5612
NATIVE MIXED COMPONENT cancel_idle voices=16 total=159 frequency=709379 bits=8 case=3
NATIVE MIXED COMPONENT lookahead_cancel voices=16 total=232 frequency=709379 bits=8 case=3 bytes=5612
NATIVE MIXED COMPONENT next_live voices=16 total=864 frequency=709379 bits=8
NATIVE MIXED COMPONENT current voices=2 total=346 frequency=709379 bits=16 case=0
NATIVE MIXED COMPONENT current voices=2 total=335 frequency=709379 bits=16 case=1
NATIVE MIXED COMPONENT current voices=2 total=343 frequency=709379 bits=16 case=2
NATIVE MIXED COMPONENT current voices=2 total=336 frequency=709379 bits=16 case=3
NATIVE MIXED COMPONENT next_start voices=2 total=668 frequency=709379 bits=16
NATIVE MIXED COMPONENT prefetch voices=2 total=624 frequency=709379 bits=16 case=1
NATIVE MIXED COMPONENT prefetch voices=2 total=4316 frequency=709379 bits=16 case=2
NATIVE MIXED COMPONENT prefetch voices=2 total=1392 frequency=709379 bits=16 case=3
NATIVE MIXED COMPONENT prefetch voices=2 total=3475 frequency=709379 bits=16 case=4
NATIVE MIXED COMPONENT prefetch voices=2 total=3403 frequency=709379 bits=16 case=5
NATIVE MIXED COMPONENT prefetch voices=2 total=3826 frequency=709379 bits=16 case=6
NATIVE MIXED COMPONENT prefetch voices=2 total=3449 frequency=709379 bits=16 case=7
NATIVE MIXED COMPONENT prefetch voices=2 total=3430 frequency=709379 bits=16 case=8
NATIVE MIXED COMPONENT prefetch voices=2 total=18340 frequency=709379 bits=16 case=9
NATIVE MIXED COMPONENT prefetch voices=2 total=3416 frequency=709379 bits=16 case=10
NATIVE MIXED COMPONENT prefetch voices=2 total=3813 frequency=709379 bits=16 case=11
NATIVE MIXED COMPONENT prefetch voices=2 total=1144 frequency=709379 bits=16 case=12
NATIVE MIXED COMPONENT prefetch voices=2 total=1974 frequency=709379 bits=16 case=13
NATIVE MIXED COMPONENT prefetch voices=2 total=833 frequency=709379 bits=16 case=14
NATIVE MIXED COMPONENT prefetch voices=2 total=7870 frequency=709379 bits=16 case=15
NATIVE MIXED COMPONENT prefetch voices=2 total=7596 frequency=709379 bits=16 case=16
NATIVE MIXED COMPONENT prefetch voices=2 total=7783 frequency=709379 bits=16 case=17
NATIVE MIXED COMPONENT prefetch voices=2 total=7528 frequency=709379 bits=16 case=18
NATIVE MIXED COMPONENT prefetch voices=2 total=7594 frequency=709379 bits=16 case=19
NATIVE MIXED COMPONENT prefetch voices=2 total=7837 frequency=709379 bits=16 case=20
NATIVE MIXED COMPONENT prefetch voices=2 total=7599 frequency=709379 bits=16 case=21
NATIVE MIXED COMPONENT prefetch voices=2 total=8331 frequency=709379 bits=16 case=22
NATIVE MIXED COMPONENT prefetch voices=2 total=543 frequency=709379 bits=16 case=23
NATIVE MIXED COMPONENT prefetch voices=2 total=782 frequency=709379 bits=16 case=24
NATIVE MIXED COMPONENT prefetch voices=2 total=681 frequency=709379 bits=16 case=25
NATIVE MIXED COMPONENT prefetch voices=2 total=568 frequency=709379 bits=16 case=26
NATIVE MIXED COMPONENT complete voices=2 before_first=1341 first_to_last=63 last_to_return=337 total=1741 frequency=709379 bits=16
NATIVE MIXED ACCESSOR masters voices=2 total=139 frequency=709379 bits=16 case=0 count=2
NATIVE MIXED ACCESSOR paula_current voices=2 total=90 frequency=709379 bits=16 case=0
NATIVE MIXED ACCESSOR amigus_current voices=2 total=42 frequency=709379 bits=16 case=0
NATIVE MIXED ACCESSOR paula_live_locations voices=2 total=117 frequency=709379 bits=16 case=0 count=1
NATIVE MIXED ACCESSOR amigus_live_locations voices=2 total=97 frequency=709379 bits=16 case=0 count=1
NATIVE MIXED ACCESSOR masters voices=2 total=139 frequency=709379 bits=16 case=1 count=2
NATIVE MIXED ACCESSOR paula_current voices=2 total=88 frequency=709379 bits=16 case=1
NATIVE MIXED ACCESSOR amigus_current voices=2 total=42 frequency=709379 bits=16 case=1
NATIVE MIXED ACCESSOR paula_live_locations voices=2 total=117 frequency=709379 bits=16 case=1 count=1
NATIVE MIXED ACCESSOR amigus_live_locations voices=2 total=98 frequency=709379 bits=16 case=1 count=1
NATIVE MIXED ACCESSOR masters voices=2 total=140 frequency=709379 bits=16 case=2 count=2
NATIVE MIXED ACCESSOR paula_current voices=2 total=89 frequency=709379 bits=16 case=2
NATIVE MIXED ACCESSOR amigus_current voices=2 total=43 frequency=709379 bits=16 case=2
NATIVE MIXED ACCESSOR paula_live_locations voices=2 total=117 frequency=709379 bits=16 case=2 count=1
NATIVE MIXED ACCESSOR amigus_live_locations voices=2 total=98 frequency=709379 bits=16 case=2 count=1
NATIVE MIXED ACCESSOR masters voices=2 total=137 frequency=709379 bits=16 case=3 count=2
NATIVE MIXED ACCESSOR paula_current voices=2 total=90 frequency=709379 bits=16 case=3
NATIVE MIXED ACCESSOR amigus_current voices=2 total=43 frequency=709379 bits=16 case=3
NATIVE MIXED ACCESSOR paula_live_locations voices=2 total=117 frequency=709379 bits=16 case=3 count=1
NATIVE MIXED ACCESSOR amigus_live_locations voices=2 total=99 frequency=709379 bits=16 case=3 count=1
NATIVE MIXED COMPONENT cancel_idle voices=2 total=159 frequency=709379 bits=16 case=0
NATIVE MIXED COMPONENT lookahead_cancel voices=2 total=236 frequency=709379 bits=16 case=0 bytes=5612
NATIVE MIXED COMPONENT cancel_idle voices=2 total=160 frequency=709379 bits=16 case=1
NATIVE MIXED COMPONENT lookahead_cancel voices=2 total=233 frequency=709379 bits=16 case=1 bytes=5612
NATIVE MIXED COMPONENT cancel_idle voices=2 total=158 frequency=709379 bits=16 case=2
NATIVE MIXED COMPONENT lookahead_cancel voices=2 total=236 frequency=709379 bits=16 case=2 bytes=5612
NATIVE MIXED COMPONENT cancel_idle voices=2 total=159 frequency=709379 bits=16 case=3
NATIVE MIXED COMPONENT lookahead_cancel voices=2 total=231 frequency=709379 bits=16 case=3 bytes=5612
NATIVE MIXED COMPONENT next_live voices=2 total=640 frequency=709379 bits=16
NATIVE MIXED COMPONENT current voices=16 total=337 frequency=709379 bits=16 case=0
NATIVE MIXED COMPONENT current voices=16 total=349 frequency=709379 bits=16 case=1
NATIVE MIXED COMPONENT current voices=16 total=336 frequency=709379 bits=16 case=2
NATIVE MIXED COMPONENT current voices=16 total=345 frequency=709379 bits=16 case=3
NATIVE MIXED COMPONENT next_start voices=16 total=1043 frequency=709379 bits=16
NATIVE MIXED COMPONENT prefetch voices=16 total=637 frequency=709379 bits=16 case=1
NATIVE MIXED COMPONENT prefetch voices=16 total=18226 frequency=709379 bits=16 case=2
NATIVE MIXED COMPONENT prefetch voices=16 total=1373 frequency=709379 bits=16 case=3
NATIVE MIXED COMPONENT prefetch voices=16 total=3444 frequency=709379 bits=16 case=4
NATIVE MIXED COMPONENT prefetch voices=16 total=18317 frequency=709379 bits=16 case=5
NATIVE MIXED COMPONENT prefetch voices=16 total=3444 frequency=709379 bits=16 case=6
NATIVE MIXED COMPONENT prefetch voices=16 total=3413 frequency=709379 bits=16 case=7
NATIVE MIXED COMPONENT prefetch voices=16 total=7092 frequency=709379 bits=16 case=8
NATIVE MIXED COMPONENT prefetch voices=16 total=3418 frequency=709379 bits=16 case=9
NATIVE MIXED COMPONENT prefetch voices=16 total=3687 frequency=709379 bits=16 case=10
NATIVE MIXED COMPONENT prefetch voices=16 total=3836 frequency=709379 bits=16 case=11
NATIVE MIXED COMPONENT prefetch voices=16 total=1711 frequency=709379 bits=16 case=12
NATIVE MIXED COMPONENT prefetch voices=16 total=1712 frequency=709379 bits=16 case=13
NATIVE MIXED COMPONENT prefetch voices=16 total=1724 frequency=709379 bits=16 case=14
NATIVE MIXED COMPONENT prefetch voices=16 total=1405 frequency=709379 bits=16 case=15
NATIVE MIXED COMPONENT prefetch voices=16 total=1131 frequency=709379 bits=16 case=16
NATIVE MIXED COMPONENT prefetch voices=16 total=1154 frequency=709379 bits=16 case=17
NATIVE MIXED COMPONENT prefetch voices=16 total=1128 frequency=709379 bits=16 case=18
NATIVE MIXED COMPONENT prefetch voices=16 total=4197 frequency=709379 bits=16 case=19
NATIVE MIXED COMPONENT prefetch voices=16 total=1071 frequency=709379 bits=16 case=20
NATIVE MIXED COMPONENT prefetch voices=16 total=7599 frequency=709379 bits=16 case=21
NATIVE MIXED COMPONENT prefetch voices=16 total=7792 frequency=709379 bits=16 case=22
NATIVE MIXED COMPONENT prefetch voices=16 total=7526 frequency=709379 bits=16 case=23
NATIVE MIXED COMPONENT prefetch voices=16 total=8265 frequency=709379 bits=16 case=24
NATIVE MIXED COMPONENT prefetch voices=16 total=7813 frequency=709379 bits=16 case=25
NATIVE MIXED COMPONENT prefetch voices=16 total=7613 frequency=709379 bits=16 case=26
NATIVE MIXED COMPONENT prefetch voices=16 total=7841 frequency=709379 bits=16 case=27
NATIVE MIXED COMPONENT prefetch voices=16 total=7719 frequency=709379 bits=16 case=28
NATIVE MIXED COMPONENT prefetch voices=16 total=843 frequency=709379 bits=16 case=29
NATIVE MIXED COMPONENT prefetch voices=16 total=843 frequency=709379 bits=16 case=30
NATIVE MIXED COMPONENT prefetch voices=16 total=842 frequency=709379 bits=16 case=31
NATIVE MIXED COMPONENT prefetch voices=16 total=842 frequency=709379 bits=16 case=32
NATIVE MIXED COMPONENT prefetch voices=16 total=842 frequency=709379 bits=16 case=33
NATIVE MIXED COMPONENT prefetch voices=16 total=845 frequency=709379 bits=16 case=34
NATIVE MIXED COMPONENT prefetch voices=16 total=844 frequency=709379 bits=16 case=35
NATIVE MIXED COMPONENT prefetch voices=16 total=1422 frequency=709379 bits=16 case=36
NATIVE MIXED COMPONENT prefetch voices=16 total=842 frequency=709379 bits=16 case=37
NATIVE MIXED COMPONENT prefetch voices=16 total=842 frequency=709379 bits=16 case=38
NATIVE MIXED COMPONENT prefetch voices=16 total=844 frequency=709379 bits=16 case=39
NATIVE MIXED COMPONENT prefetch voices=16 total=551 frequency=709379 bits=16 case=40
NATIVE MIXED COMPONENT prefetch voices=16 total=775 frequency=709379 bits=16 case=41
NATIVE MIXED COMPONENT prefetch voices=16 total=781 frequency=709379 bits=16 case=42
NATIVE MIXED COMPONENT prefetch voices=16 total=783 frequency=709379 bits=16 case=43
NATIVE MIXED COMPONENT prefetch voices=16 total=819 frequency=709379 bits=16 case=44
NATIVE MIXED COMPONENT prefetch voices=16 total=778 frequency=709379 bits=16 case=45
NATIVE MIXED COMPONENT prefetch voices=16 total=775 frequency=709379 bits=16 case=46
NATIVE MIXED COMPONENT prefetch voices=16 total=783 frequency=709379 bits=16 case=47
NATIVE MIXED COMPONENT prefetch voices=16 total=782 frequency=709379 bits=16 case=48
NATIVE MIXED COMPONENT prefetch voices=16 total=782 frequency=709379 bits=16 case=49
NATIVE MIXED COMPONENT prefetch voices=16 total=776 frequency=709379 bits=16 case=50
NATIVE MIXED COMPONENT prefetch voices=16 total=784 frequency=709379 bits=16 case=51
NATIVE MIXED COMPONENT prefetch voices=16 total=783 frequency=709379 bits=16 case=52
NATIVE MIXED COMPONENT prefetch voices=16 total=686 frequency=709379 bits=16 case=53
NATIVE MIXED COMPONENT prefetch voices=16 total=682 frequency=709379 bits=16 case=54
NATIVE MIXED COMPONENT prefetch voices=16 total=683 frequency=709379 bits=16 case=55
NATIVE MIXED COMPONENT prefetch voices=16 total=685 frequency=709379 bits=16 case=56
NATIVE MIXED COMPONENT prefetch voices=16 total=683 frequency=709379 bits=16 case=57
NATIVE MIXED COMPONENT prefetch voices=16 total=687 frequency=709379 bits=16 case=58
NATIVE MIXED COMPONENT prefetch voices=16 total=679 frequency=709379 bits=16 case=59
NATIVE MIXED COMPONENT prefetch voices=16 total=688 frequency=709379 bits=16 case=60
NATIVE MIXED COMPONENT prefetch voices=16 total=676 frequency=709379 bits=16 case=61
NATIVE MIXED COMPONENT prefetch voices=16 total=684 frequency=709379 bits=16 case=62
NATIVE MIXED COMPONENT prefetch voices=16 total=677 frequency=709379 bits=16 case=63
NATIVE MIXED COMPONENT prefetch voices=16 total=685 frequency=709379 bits=16 case=64
NATIVE MIXED COMPONENT prefetch voices=16 total=1138 frequency=709379 bits=16 case=65
NATIVE MIXED COMPONENT complete voices=16 before_first=2022 first_to_last=885 last_to_return=545 total=3452 frequency=709379 bits=16
NATIVE MIXED ACCESSOR masters voices=16 total=138 frequency=709379 bits=16 case=0 count=2
NATIVE MIXED ACCESSOR paula_current voices=16 total=90 frequency=709379 bits=16 case=0
NATIVE MIXED ACCESSOR amigus_current voices=16 total=43 frequency=709379 bits=16 case=0
NATIVE MIXED ACCESSOR paula_live_locations voices=16 total=359 frequency=709379 bits=16 case=0 count=4
NATIVE MIXED ACCESSOR amigus_live_locations voices=16 total=616 frequency=709379 bits=16 case=0 count=12
NATIVE MIXED ACCESSOR masters voices=16 total=138 frequency=709379 bits=16 case=1 count=2
NATIVE MIXED ACCESSOR paula_current voices=16 total=89 frequency=709379 bits=16 case=1
NATIVE MIXED ACCESSOR amigus_current voices=16 total=43 frequency=709379 bits=16 case=1
NATIVE MIXED ACCESSOR paula_live_locations voices=16 total=359 frequency=709379 bits=16 case=1 count=4
NATIVE MIXED ACCESSOR amigus_live_locations voices=16 total=617 frequency=709379 bits=16 case=1 count=12
NATIVE MIXED ACCESSOR masters voices=16 total=138 frequency=709379 bits=16 case=2 count=2
NATIVE MIXED ACCESSOR paula_current voices=16 total=89 frequency=709379 bits=16 case=2
NATIVE MIXED ACCESSOR amigus_current voices=16 total=43 frequency=709379 bits=16 case=2
NATIVE MIXED ACCESSOR paula_live_locations voices=16 total=359 frequency=709379 bits=16 case=2 count=4
NATIVE MIXED ACCESSOR amigus_live_locations voices=16 total=621 frequency=709379 bits=16 case=2 count=12
NATIVE MIXED ACCESSOR masters voices=16 total=138 frequency=709379 bits=16 case=3 count=2
NATIVE MIXED ACCESSOR paula_current voices=16 total=88 frequency=709379 bits=16 case=3
NATIVE MIXED ACCESSOR amigus_current voices=16 total=43 frequency=709379 bits=16 case=3
NATIVE MIXED ACCESSOR paula_live_locations voices=16 total=359 frequency=709379 bits=16 case=3 count=4
NATIVE MIXED ACCESSOR amigus_live_locations voices=16 total=619 frequency=709379 bits=16 case=3 count=12
NATIVE MIXED COMPONENT cancel_idle voices=16 total=158 frequency=709379 bits=16 case=0
NATIVE MIXED COMPONENT lookahead_cancel voices=16 total=238 frequency=709379 bits=16 case=0 bytes=5612
NATIVE MIXED COMPONENT cancel_idle voices=16 total=160 frequency=709379 bits=16 case=1
NATIVE MIXED COMPONENT lookahead_cancel voices=16 total=232 frequency=709379 bits=16 case=1 bytes=5612
NATIVE MIXED COMPONENT cancel_idle voices=16 total=157 frequency=709379 bits=16 case=2
NATIVE MIXED COMPONENT lookahead_cancel voices=16 total=237 frequency=709379 bits=16 case=2 bytes=5612
NATIVE MIXED COMPONENT cancel_idle voices=16 total=159 frequency=709379 bits=16 case=3
NATIVE MIXED COMPONENT lookahead_cancel voices=16 total=232 frequency=709379 bits=16 case=3 bytes=5612
NATIVE MIXED COMPONENT next_live voices=16 total=865 frequency=709379 bits=16
NATIVE MIXED COMPONENT current voices=2 total=337 frequency=709379 bits=24 case=0
NATIVE MIXED COMPONENT current voices=2 total=346 frequency=709379 bits=24 case=1
NATIVE MIXED COMPONENT current voices=2 total=337 frequency=709379 bits=24 case=2
NATIVE MIXED COMPONENT current voices=2 total=348 frequency=709379 bits=24 case=3
NATIVE MIXED COMPONENT next_start voices=2 total=652 frequency=709379 bits=24
NATIVE MIXED COMPONENT prefetch voices=2 total=641 frequency=709379 bits=24 case=1
NATIVE MIXED COMPONENT prefetch voices=2 total=4089 frequency=709379 bits=24 case=2
NATIVE MIXED COMPONENT prefetch voices=2 total=1387 frequency=709379 bits=24 case=3
NATIVE MIXED COMPONENT prefetch voices=2 total=3462 frequency=709379 bits=24 case=4
NATIVE MIXED COMPONENT prefetch voices=2 total=3430 frequency=709379 bits=24 case=5
NATIVE MIXED COMPONENT prefetch voices=2 total=3442 frequency=709379 bits=24 case=6
NATIVE MIXED COMPONENT prefetch voices=2 total=3423 frequency=709379 bits=24 case=7
NATIVE MIXED COMPONENT prefetch voices=2 total=3672 frequency=709379 bits=24 case=8
NATIVE MIXED COMPONENT prefetch voices=2 total=3404 frequency=709379 bits=24 case=9
NATIVE MIXED COMPONENT prefetch voices=2 total=3417 frequency=709379 bits=24 case=10
NATIVE MIXED COMPONENT prefetch voices=2 total=4506 frequency=709379 bits=24 case=11
NATIVE MIXED COMPONENT prefetch voices=2 total=1143 frequency=709379 bits=24 case=12
NATIVE MIXED COMPONENT prefetch voices=2 total=1971 frequency=709379 bits=24 case=13
NATIVE MIXED COMPONENT prefetch voices=2 total=831 frequency=709379 bits=24 case=14
NATIVE MIXED COMPONENT prefetch voices=2 total=7791 frequency=709379 bits=24 case=15
NATIVE MIXED COMPONENT prefetch voices=2 total=7528 frequency=709379 bits=24 case=16
NATIVE MIXED COMPONENT prefetch voices=2 total=7877 frequency=709379 bits=24 case=17
NATIVE MIXED COMPONENT prefetch voices=2 total=7812 frequency=709379 bits=24 case=18
NATIVE MIXED COMPONENT prefetch voices=2 total=7528 frequency=709379 bits=24 case=19
NATIVE MIXED COMPONENT prefetch voices=2 total=8012 frequency=709379 bits=24 case=20
NATIVE MIXED COMPONENT prefetch voices=2 total=7594 frequency=709379 bits=24 case=21
NATIVE MIXED COMPONENT prefetch voices=2 total=7651 frequency=709379 bits=24 case=22
NATIVE MIXED COMPONENT prefetch voices=2 total=522 frequency=709379 bits=24 case=23
NATIVE MIXED COMPONENT prefetch voices=2 total=785 frequency=709379 bits=24 case=24
NATIVE MIXED COMPONENT prefetch voices=2 total=4153 frequency=709379 bits=24 case=25
NATIVE MIXED COMPONENT prefetch voices=2 total=569 frequency=709379 bits=24 case=26
NATIVE MIXED COMPONENT complete voices=2 before_first=1341 first_to_last=65 last_to_return=337 total=1743 frequency=709379 bits=24
NATIVE MIXED ACCESSOR masters voices=2 total=138 frequency=709379 bits=24 case=0 count=2
NATIVE MIXED ACCESSOR paula_current voices=2 total=89 frequency=709379 bits=24 case=0
NATIVE MIXED ACCESSOR amigus_current voices=2 total=43 frequency=709379 bits=24 case=0
NATIVE MIXED ACCESSOR paula_live_locations voices=2 total=119 frequency=709379 bits=24 case=0 count=1
NATIVE MIXED ACCESSOR amigus_live_locations voices=2 total=97 frequency=709379 bits=24 case=0 count=1
NATIVE MIXED ACCESSOR masters voices=2 total=138 frequency=709379 bits=24 case=1 count=2
NATIVE MIXED ACCESSOR paula_current voices=2 total=88 frequency=709379 bits=24 case=1
NATIVE MIXED ACCESSOR amigus_current voices=2 total=43 frequency=709379 bits=24 case=1
NATIVE MIXED ACCESSOR paula_live_locations voices=2 total=116 frequency=709379 bits=24 case=1 count=1
NATIVE MIXED ACCESSOR amigus_live_locations voices=2 total=98 frequency=709379 bits=24 case=1 count=1
NATIVE MIXED ACCESSOR masters voices=2 total=141 frequency=709379 bits=24 case=2 count=2
NATIVE MIXED ACCESSOR paula_current voices=2 total=89 frequency=709379 bits=24 case=2
NATIVE MIXED ACCESSOR amigus_current voices=2 total=43 frequency=709379 bits=24 case=2
NATIVE MIXED ACCESSOR paula_live_locations voices=2 total=117 frequency=709379 bits=24 case=2 count=1
NATIVE MIXED ACCESSOR amigus_live_locations voices=2 total=98 frequency=709379 bits=24 case=2 count=1
NATIVE MIXED ACCESSOR masters voices=2 total=140 frequency=709379 bits=24 case=3 count=2
NATIVE MIXED ACCESSOR paula_current voices=2 total=89 frequency=709379 bits=24 case=3
NATIVE MIXED ACCESSOR amigus_current voices=2 total=43 frequency=709379 bits=24 case=3
NATIVE MIXED ACCESSOR paula_live_locations voices=2 total=117 frequency=709379 bits=24 case=3 count=1
NATIVE MIXED ACCESSOR amigus_live_locations voices=2 total=97 frequency=709379 bits=24 case=3 count=1
NATIVE MIXED COMPONENT cancel_idle voices=2 total=158 frequency=709379 bits=24 case=0
NATIVE MIXED COMPONENT lookahead_cancel voices=2 total=238 frequency=709379 bits=24 case=0 bytes=5612
NATIVE MIXED COMPONENT cancel_idle voices=2 total=159 frequency=709379 bits=24 case=1
NATIVE MIXED COMPONENT lookahead_cancel voices=2 total=232 frequency=709379 bits=24 case=1 bytes=5612
NATIVE MIXED COMPONENT cancel_idle voices=2 total=157 frequency=709379 bits=24 case=2
NATIVE MIXED COMPONENT lookahead_cancel voices=2 total=237 frequency=709379 bits=24 case=2 bytes=5612
NATIVE MIXED COMPONENT cancel_idle voices=2 total=160 frequency=709379 bits=24 case=3
NATIVE MIXED COMPONENT lookahead_cancel voices=2 total=232 frequency=709379 bits=24 case=3 bytes=5612
NATIVE MIXED COMPONENT next_live voices=2 total=643 frequency=709379 bits=24
NATIVE MIXED COMPONENT current voices=16 total=335 frequency=709379 bits=24 case=0
NATIVE MIXED COMPONENT current voices=16 total=335 frequency=709379 bits=24 case=1
NATIVE MIXED COMPONENT current voices=16 total=336 frequency=709379 bits=24 case=2
NATIVE MIXED COMPONENT current voices=16 total=344 frequency=709379 bits=24 case=3
NATIVE MIXED COMPONENT next_start voices=16 total=1045 frequency=709379 bits=24
NATIVE MIXED COMPONENT prefetch voices=16 total=634 frequency=709379 bits=24 case=1
NATIVE MIXED COMPONENT prefetch voices=16 total=18054 frequency=709379 bits=24 case=2
NATIVE MIXED COMPONENT prefetch voices=16 total=1376 frequency=709379 bits=24 case=3
NATIVE MIXED COMPONENT prefetch voices=16 total=3651 frequency=709379 bits=24 case=4
NATIVE MIXED COMPONENT prefetch voices=16 total=3443 frequency=709379 bits=24 case=5
NATIVE MIXED COMPONENT prefetch voices=16 total=3415 frequency=709379 bits=24 case=6
NATIVE MIXED COMPONENT prefetch voices=16 total=4133 frequency=709379 bits=24 case=7
NATIVE MIXED COMPONENT prefetch voices=16 total=3446 frequency=709379 bits=24 case=8
NATIVE MIXED COMPONENT prefetch voices=16 total=3432 frequency=709379 bits=24 case=9
NATIVE MIXED COMPONENT prefetch voices=16 total=3686 frequency=709379 bits=24 case=10
NATIVE MIXED COMPONENT prefetch voices=16 total=3831 frequency=709379 bits=24 case=11
NATIVE MIXED COMPONENT prefetch voices=16 total=1713 frequency=709379 bits=24 case=12
NATIVE MIXED COMPONENT prefetch voices=16 total=1709 frequency=709379 bits=24 case=13
NATIVE MIXED COMPONENT prefetch voices=16 total=1929 frequency=709379 bits=24 case=14
NATIVE MIXED COMPONENT prefetch voices=16 total=1130 frequency=709379 bits=24 case=15
NATIVE MIXED COMPONENT prefetch voices=16 total=1156 frequency=709379 bits=24 case=16
NATIVE MIXED COMPONENT prefetch voices=16 total=1131 frequency=709379 bits=24 case=17
NATIVE MIXED COMPONENT prefetch voices=16 total=1156 frequency=709379 bits=24 case=18
NATIVE MIXED COMPONENT prefetch voices=16 total=4416 frequency=709379 bits=24 case=19
NATIVE MIXED COMPONENT prefetch voices=16 total=831 frequency=709379 bits=24 case=20
NATIVE MIXED COMPONENT prefetch voices=16 total=7529 frequency=709379 bits=24 case=21
NATIVE MIXED COMPONENT prefetch voices=16 total=8013 frequency=709379 bits=24 case=22
NATIVE MIXED COMPONENT prefetch voices=16 total=22492 frequency=709379 bits=24 case=23
NATIVE MIXED COMPONENT prefetch voices=16 total=7598 frequency=709379 bits=24 case=24
NATIVE MIXED COMPONENT prefetch voices=16 total=11488 frequency=709379 bits=24 case=25
NATIVE MIXED COMPONENT prefetch voices=16 total=7876 frequency=709379 bits=24 case=26
NATIVE MIXED COMPONENT prefetch voices=16 total=7598 frequency=709379 bits=24 case=27
NATIVE MIXED COMPONENT prefetch voices=16 total=7961 frequency=709379 bits=24 case=28
NATIVE MIXED COMPONENT prefetch voices=16 total=845 frequency=709379 bits=24 case=29
NATIVE MIXED COMPONENT prefetch voices=16 total=842 frequency=709379 bits=24 case=30
NATIVE MIXED COMPONENT prefetch voices=16 total=843 frequency=709379 bits=24 case=31
NATIVE MIXED COMPONENT prefetch voices=16 total=843 frequency=709379 bits=24 case=32
NATIVE MIXED COMPONENT prefetch voices=16 total=840 frequency=709379 bits=24 case=33
NATIVE MIXED COMPONENT prefetch voices=16 total=842 frequency=709379 bits=24 case=34
NATIVE MIXED COMPONENT prefetch voices=16 total=842 frequency=709379 bits=24 case=35
NATIVE MIXED COMPONENT prefetch voices=16 total=841 frequency=709379 bits=24 case=36
NATIVE MIXED COMPONENT prefetch voices=16 total=844 frequency=709379 bits=24 case=37
NATIVE MIXED COMPONENT prefetch voices=16 total=838 frequency=709379 bits=24 case=38
NATIVE MIXED COMPONENT prefetch voices=16 total=840 frequency=709379 bits=24 case=39
NATIVE MIXED COMPONENT prefetch voices=16 total=545 frequency=709379 bits=24 case=40
NATIVE MIXED COMPONENT prefetch voices=16 total=777 frequency=709379 bits=24 case=41
NATIVE MIXED COMPONENT prefetch voices=16 total=777 frequency=709379 bits=24 case=42
NATIVE MIXED COMPONENT prefetch voices=16 total=785 frequency=709379 bits=24 case=43
NATIVE MIXED COMPONENT prefetch voices=16 total=782 frequency=709379 bits=24 case=44
NATIVE MIXED COMPONENT prefetch voices=16 total=777 frequency=709379 bits=24 case=45
NATIVE MIXED COMPONENT prefetch voices=16 total=778 frequency=709379 bits=24 case=46
NATIVE MIXED COMPONENT prefetch voices=16 total=783 frequency=709379 bits=24 case=47
NATIVE MIXED COMPONENT prefetch voices=16 total=1456 frequency=709379 bits=24 case=48
NATIVE MIXED COMPONENT prefetch voices=16 total=778 frequency=709379 bits=24 case=49
NATIVE MIXED COMPONENT prefetch voices=16 total=781 frequency=709379 bits=24 case=50
NATIVE MIXED COMPONENT prefetch voices=16 total=784 frequency=709379 bits=24 case=51
NATIVE MIXED COMPONENT prefetch voices=16 total=785 frequency=709379 bits=24 case=52
NATIVE MIXED COMPONENT prefetch voices=16 total=684 frequency=709379 bits=24 case=53
NATIVE MIXED COMPONENT prefetch voices=16 total=688 frequency=709379 bits=24 case=54
NATIVE MIXED COMPONENT prefetch voices=16 total=682 frequency=709379 bits=24 case=55
NATIVE MIXED COMPONENT prefetch voices=16 total=928 frequency=709379 bits=24 case=56
NATIVE MIXED COMPONENT prefetch voices=16 total=679 frequency=709379 bits=24 case=57
NATIVE MIXED COMPONENT prefetch voices=16 total=688 frequency=709379 bits=24 case=58
NATIVE MIXED COMPONENT prefetch voices=16 total=676 frequency=709379 bits=24 case=59
NATIVE MIXED COMPONENT prefetch voices=16 total=684 frequency=709379 bits=24 case=60
NATIVE MIXED COMPONENT prefetch voices=16 total=677 frequency=709379 bits=24 case=61
NATIVE MIXED COMPONENT prefetch voices=16 total=685 frequency=709379 bits=24 case=62
NATIVE MIXED COMPONENT prefetch voices=16 total=678 frequency=709379 bits=24 case=63
NATIVE MIXED COMPONENT prefetch voices=16 total=685 frequency=709379 bits=24 case=64
NATIVE MIXED COMPONENT prefetch voices=16 total=1141 frequency=709379 bits=24 case=65
NATIVE MIXED COMPONENT complete voices=16 before_first=2022 first_to_last=889 last_to_return=544 total=3455 frequency=709379 bits=24
NATIVE MIXED ACCESSOR masters voices=16 total=138 frequency=709379 bits=24 case=0 count=2
NATIVE MIXED ACCESSOR paula_current voices=16 total=89 frequency=709379 bits=24 case=0
NATIVE MIXED ACCESSOR amigus_current voices=16 total=42 frequency=709379 bits=24 case=0
NATIVE MIXED ACCESSOR paula_live_locations voices=16 total=360 frequency=709379 bits=24 case=0 count=4
NATIVE MIXED ACCESSOR amigus_live_locations voices=16 total=618 frequency=709379 bits=24 case=0 count=12
NATIVE MIXED ACCESSOR masters voices=16 total=139 frequency=709379 bits=24 case=1 count=2
NATIVE MIXED ACCESSOR paula_current voices=16 total=89 frequency=709379 bits=24 case=1
NATIVE MIXED ACCESSOR amigus_current voices=16 total=42 frequency=709379 bits=24 case=1
NATIVE MIXED ACCESSOR paula_live_locations voices=16 total=358 frequency=709379 bits=24 case=1 count=4
NATIVE MIXED ACCESSOR amigus_live_locations voices=16 total=622 frequency=709379 bits=24 case=1 count=12
NATIVE MIXED ACCESSOR masters voices=16 total=139 frequency=709379 bits=24 case=2 count=2
NATIVE MIXED ACCESSOR paula_current voices=16 total=88 frequency=709379 bits=24 case=2
NATIVE MIXED ACCESSOR amigus_current voices=16 total=42 frequency=709379 bits=24 case=2
NATIVE MIXED ACCESSOR paula_live_locations voices=16 total=359 frequency=709379 bits=24 case=2 count=4
NATIVE MIXED ACCESSOR amigus_live_locations voices=16 total=619 frequency=709379 bits=24 case=2 count=12
NATIVE MIXED ACCESSOR masters voices=16 total=140 frequency=709379 bits=24 case=3 count=2
NATIVE MIXED ACCESSOR paula_current voices=16 total=88 frequency=709379 bits=24 case=3
NATIVE MIXED ACCESSOR amigus_current voices=16 total=43 frequency=709379 bits=24 case=3
NATIVE MIXED ACCESSOR paula_live_locations voices=16 total=359 frequency=709379 bits=24 case=3 count=4
NATIVE MIXED ACCESSOR amigus_live_locations voices=16 total=619 frequency=709379 bits=24 case=3 count=12
NATIVE MIXED COMPONENT cancel_idle voices=16 total=158 frequency=709379 bits=24 case=0
NATIVE MIXED COMPONENT lookahead_cancel voices=16 total=237 frequency=709379 bits=24 case=0 bytes=5612
NATIVE MIXED COMPONENT cancel_idle voices=16 total=160 frequency=709379 bits=24 case=1
NATIVE MIXED COMPONENT lookahead_cancel voices=16 total=237 frequency=709379 bits=24 case=1 bytes=5612
NATIVE MIXED COMPONENT cancel_idle voices=16 total=159 frequency=709379 bits=24 case=2
NATIVE MIXED COMPONENT lookahead_cancel voices=16 total=232 frequency=709379 bits=24 case=2 bytes=5612
NATIVE MIXED COMPONENT cancel_idle voices=16 total=159 frequency=709379 bits=24 case=3
NATIVE MIXED COMPONENT lookahead_cancel voices=16 total=236 frequency=709379 bits=24 case=3 bytes=5612
NATIVE MIXED COMPONENT next_live voices=16 total=872 frequency=709379 bits=24
NATIVE MIXED RUN prepare voices=2 total=980 frequency=709379 bits=8 interval=0 case=0 writes=0 chip_alloc=0
NATIVE MIXED RUN prepare voices=2 total=854 frequency=709379 bits=8 interval=0 case=1 writes=0 chip_alloc=0
NATIVE MIXED RUN prepare voices=2 total=857 frequency=709379 bits=8 interval=0 case=2 writes=0 chip_alloc=0
NATIVE MIXED RUN prepare voices=2 total=857 frequency=709379 bits=8 interval=0 case=3 writes=0 chip_alloc=0
NATIVE MIXED RUN prepare voices=2 total=862 frequency=709379 bits=8 interval=0 case=4 writes=0 chip_alloc=0
NATIVE MIXED RUN prepare voices=2 total=4211 frequency=709379 bits=8 interval=0 case=5 writes=0 chip_alloc=0
NATIVE MIXED RUN prepare voices=2 total=1450 frequency=709379 bits=8 interval=0 case=6 writes=0 chip_alloc=0
NATIVE MIXED RUN prepare voices=2 total=1749 frequency=709379 bits=8 interval=0 case=7 writes=0 chip_alloc=0
NATIVE MIXED RUN prepare voices=2 total=1172 frequency=709379 bits=8 interval=0 case=8 writes=0 chip_alloc=0
NATIVE MIXED RUN prepare voices=2 total=7580 frequency=709379 bits=8 interval=0 case=9 writes=128 chip_alloc=0
NATIVE MIXED RUN prepare voices=2 total=7121 frequency=709379 bits=8 interval=0 case=10 writes=128 chip_alloc=0
NATIVE MIXED RUN prepare voices=2 total=6984 frequency=709379 bits=8 interval=0 case=11 writes=128 chip_alloc=0
NATIVE MIXED RUN prepare voices=2 total=7156 frequency=709379 bits=8 interval=0 case=12 writes=128 chip_alloc=0
NATIVE MIXED RUN prepare voices=2 total=6903 frequency=709379 bits=8 interval=0 case=13 writes=128 chip_alloc=0
NATIVE MIXED RUN prepare voices=2 total=7111 frequency=709379 bits=8 interval=0 case=14 writes=128 chip_alloc=0
NATIVE MIXED RUN prepare voices=2 total=7330 frequency=709379 bits=8 interval=0 case=15 writes=128 chip_alloc=0
NATIVE MIXED RUN prepare voices=2 total=7001 frequency=709379 bits=8 interval=0 case=16 writes=128 chip_alloc=0
NATIVE MIXED RUN prepare voices=2 total=884 frequency=709379 bits=8 interval=0 case=17 writes=0 chip_alloc=0
NATIVE MIXED RUN prepare voices=2 total=1143 frequency=709379 bits=8 interval=0 case=18 writes=0 chip_alloc=0
NATIVE MIXED RUN prepare voices=2 total=1043 frequency=709379 bits=8 interval=0 case=19 writes=0 chip_alloc=0
NATIVE MIXED RUN prepare voices=2 total=903 frequency=709379 bits=8 interval=0 case=20 writes=0 chip_alloc=0
NATIVE MIXED RUN prepare voices=2 total=699 frequency=709379 bits=8 interval=0 case=21 writes=0 chip_alloc=0
NATIVE MIXED RUN prepare voices=2 total=701 frequency=709379 bits=8 interval=0 case=22 writes=0 chip_alloc=0
NATIVE MIXED RUN prepare voices=2 total=704 frequency=709379 bits=8 interval=0 case=23 writes=0 chip_alloc=0
NATIVE MIXED RUN prepare voices=2 total=702 frequency=709379 bits=8 interval=0 case=24 writes=0 chip_alloc=0
NATIVE MIXED RUN prepare voices=2 total=15189 frequency=709379 bits=8 interval=0 case=25 writes=0 chip_alloc=0
NATIVE MIXED RUN prepare voices=2 total=693 frequency=709379 bits=8 interval=0 case=26 writes=0 chip_alloc=0
NATIVE MIXED RUN prepare voices=2 total=689 frequency=709379 bits=8 interval=0 case=27 writes=0 chip_alloc=0
NATIVE MIXED RUN prepare voices=2 total=692 frequency=709379 bits=8 interval=0 case=28 writes=0 chip_alloc=0
NATIVE MIXED RUN prepare voices=2 total=694 frequency=709379 bits=8 interval=0 case=29 writes=0 chip_alloc=0
NATIVE MIXED RUN prepare voices=2 total=692 frequency=709379 bits=8 interval=0 case=30 writes=0 chip_alloc=0
NATIVE MIXED RUN prepare voices=2 total=688 frequency=709379 bits=8 interval=0 case=31 writes=0 chip_alloc=0
NATIVE MIXED RUN prepare voices=2 total=4787 frequency=709379 bits=8 interval=0 case=32 writes=0 chip_alloc=0
NATIVE MIXED RUN prepare voices=2 total=695 frequency=709379 bits=8 interval=0 case=33 writes=0 chip_alloc=0
NATIVE MIXED RUN prepare voices=2 total=692 frequency=709379 bits=8 interval=0 case=34 writes=0 chip_alloc=0
NATIVE MIXED RUN prepare voices=2 total=692 frequency=709379 bits=8 interval=0 case=35 writes=0 chip_alloc=0
NATIVE MIXED RUN prepare voices=2 total=693 frequency=709379 bits=8 interval=0 case=36 writes=0 chip_alloc=0
NATIVE MIXED RUN prepare voices=2 total=695 frequency=709379 bits=8 interval=0 case=37 writes=0 chip_alloc=0
NATIVE MIXED RUN prepare voices=2 total=693 frequency=709379 bits=8 interval=0 case=38 writes=0 chip_alloc=0
NATIVE MIXED RUN prepare voices=2 total=689 frequency=709379 bits=8 interval=0 case=39 writes=0 chip_alloc=0
NATIVE MIXED RUN prepare voices=2 total=694 frequency=709379 bits=8 interval=0 case=40 writes=0 chip_alloc=0
NATIVE MIXED RUN prepare voices=2 total=693 frequency=709379 bits=8 interval=0 case=41 writes=0 chip_alloc=0
NATIVE MIXED RUN prepare voices=2 total=694 frequency=709379 bits=8 interval=0 case=42 writes=0 chip_alloc=0
NATIVE MIXED RUN prepare voices=2 total=693 frequency=709379 bits=8 interval=0 case=43 writes=0 chip_alloc=0
NATIVE MIXED RUN prepare voices=2 total=688 frequency=709379 bits=8 interval=0 case=44 writes=0 chip_alloc=0
NATIVE MIXED RUN prepare voices=2 total=699 frequency=709379 bits=8 interval=0 case=45 writes=0 chip_alloc=0
NATIVE MIXED RUN prepare voices=2 total=701 frequency=709379 bits=8 interval=0 case=46 writes=0 chip_alloc=0
NATIVE MIXED RUN prepare voices=2 total=702 frequency=709379 bits=8 interval=0 case=47 writes=0 chip_alloc=0
NATIVE MIXED RUN prepare voices=2 total=704 frequency=709379 bits=8 interval=0 case=48 writes=0 chip_alloc=0
NATIVE MIXED RUN prepare voices=2 total=692 frequency=709379 bits=8 interval=0 case=49 writes=0 chip_alloc=0
NATIVE MIXED RUN prepare voices=2 total=694 frequency=709379 bits=8 interval=0 case=50 writes=0 chip_alloc=0
NATIVE MIXED RUN prepare voices=2 total=692 frequency=709379 bits=8 interval=0 case=51 writes=0 chip_alloc=0
NATIVE MIXED RUN prepare voices=2 total=693 frequency=709379 bits=8 interval=0 case=52 writes=0 chip_alloc=0
NATIVE MIXED RUN prepare voices=2 total=689 frequency=709379 bits=8 interval=0 case=53 writes=0 chip_alloc=0
NATIVE MIXED RUN prepare voices=2 total=692 frequency=709379 bits=8 interval=0 case=54 writes=0 chip_alloc=0
NATIVE MIXED RUN prepare voices=2 total=694 frequency=709379 bits=8 interval=0 case=55 writes=0 chip_alloc=0
NATIVE MIXED RUN prepare voices=2 total=692 frequency=709379 bits=8 interval=0 case=56 writes=0 chip_alloc=0
NATIVE MIXED RUN prepare voices=2 total=688 frequency=709379 bits=8 interval=0 case=57 writes=0 chip_alloc=0
NATIVE MIXED RUN prepare voices=2 total=692 frequency=709379 bits=8 interval=0 case=58 writes=0 chip_alloc=0
NATIVE MIXED RUN prepare voices=2 total=693 frequency=709379 bits=8 interval=0 case=59 writes=0 chip_alloc=0
NATIVE MIXED RUN prepare voices=2 total=689 frequency=709379 bits=8 interval=0 case=60 writes=0 chip_alloc=0
NATIVE MIXED RUN prepare voices=2 total=695 frequency=709379 bits=8 interval=0 case=61 writes=0 chip_alloc=0
NATIVE MIXED RUN prepare voices=2 total=693 frequency=709379 bits=8 interval=0 case=62 writes=0 chip_alloc=0
NATIVE MIXED RUN prepare voices=2 total=689 frequency=709379 bits=8 interval=0 case=63 writes=0 chip_alloc=0
NATIVE MIXED RUN service voices=2 total=861 frequency=709379 bits=8 interval=0 case=0
NATIVE MIXED RUN service voices=2 total=856 frequency=709379 bits=8 interval=0 case=1
NATIVE MIXED RUN service voices=2 total=858 frequency=709379 bits=8 interval=0 case=2
NATIVE MIXED RUN service voices=2 total=861 frequency=709379 bits=8 interval=0 case=3
NATIVE MIXED RUN service voices=2 total=857 frequency=709379 bits=8 interval=0 case=4
NATIVE MIXED RUN service voices=2 total=857 frequency=709379 bits=8 interval=0 case=5
NATIVE MIXED RUN service voices=2 total=854 frequency=709379 bits=8 interval=0 case=6
NATIVE MIXED RUN boundary voices=2 total=2345 frequency=709379 bits=8 interval=1 result=11 outputs=3
NATIVE MIXED RUN prepare voices=2 total=1215 frequency=709379 bits=8 interval=1 case=0 writes=0 chip_alloc=0
NATIVE MIXED RUN prepare voices=2 total=850 frequency=709379 bits=8 interval=1 case=1 writes=0 chip_alloc=0
NATIVE MIXED RUN prepare voices=2 total=850 frequency=709379 bits=8 interval=1 case=2 writes=0 chip_alloc=0
NATIVE MIXED RUN prepare voices=2 total=845 frequency=709379 bits=8 interval=1 case=3 writes=0 chip_alloc=0
NATIVE MIXED RUN prepare voices=2 total=846 frequency=709379 bits=8 interval=1 case=4 writes=0 chip_alloc=0
NATIVE MIXED RUN prepare voices=2 total=2311 frequency=709379 bits=8 interval=1 case=5 writes=0 chip_alloc=0
NATIVE MIXED RUN prepare voices=2 total=1742 frequency=709379 bits=8 interval=1 case=6 writes=0 chip_alloc=0
NATIVE MIXED RUN prepare voices=2 total=886 frequency=709379 bits=8 interval=1 case=7 writes=0 chip_alloc=0
NATIVE MIXED RUN prepare voices=2 total=846 frequency=709379 bits=8 interval=1 case=8 writes=0 chip_alloc=0
NATIVE MIXED RUN prepare voices=2 total=703 frequency=709379 bits=8 interval=1 case=9 writes=0 chip_alloc=0
NATIVE MIXED RUN prepare voices=2 total=699 frequency=709379 bits=8 interval=1 case=10 writes=0 chip_alloc=0
NATIVE MIXED RUN prepare voices=2 total=701 frequency=709379 bits=8 interval=1 case=11 writes=0 chip_alloc=0
NATIVE MIXED RUN prepare voices=2 total=703 frequency=709379 bits=8 interval=1 case=12 writes=0 chip_alloc=0
NATIVE MIXED RUN prepare voices=2 total=694 frequency=709379 bits=8 interval=1 case=13 writes=0 chip_alloc=0
NATIVE MIXED RUN prepare voices=2 total=693 frequency=709379 bits=8 interval=1 case=14 writes=0 chip_alloc=0
NATIVE MIXED RUN prepare voices=2 total=689 frequency=709379 bits=8 interval=1 case=15 writes=0 chip_alloc=0
NATIVE MIXED RUN prepare voices=2 total=692 frequency=709379 bits=8 interval=1 case=16 writes=0 chip_alloc=0
NATIVE MIXED RUN prepare voices=2 total=695 frequency=709379 bits=8 interval=1 case=17 writes=0 chip_alloc=0
NATIVE MIXED RUN prepare voices=2 total=694 frequency=709379 bits=8 interval=1 case=18 writes=0 chip_alloc=0
NATIVE MIXED RUN prepare voices=2 total=695 frequency=709379 bits=8 interval=1 case=19 writes=0 chip_alloc=0
NATIVE MIXED RUN prepare voices=2 total=698 frequency=709379 bits=8 interval=1 case=20 writes=0 chip_alloc=0
NATIVE MIXED RUN prepare voices=2 total=700 frequency=709379 bits=8 interval=1 case=21 writes=0 chip_alloc=0
NATIVE MIXED RUN prepare voices=2 total=701 frequency=709379 bits=8 interval=1 case=22 writes=0 chip_alloc=0
NATIVE MIXED RUN prepare voices=2 total=703 frequency=709379 bits=8 interval=1 case=23 writes=0 chip_alloc=0
NATIVE MIXED RUN prepare voices=2 total=701 frequency=709379 bits=8 interval=1 case=24 writes=0 chip_alloc=0
NATIVE MIXED RUN prepare voices=2 total=702 frequency=709379 bits=8 interval=1 case=25 writes=0 chip_alloc=0
NATIVE MIXED RUN prepare voices=2 total=700 frequency=709379 bits=8 interval=1 case=26 writes=0 chip_alloc=0
NATIVE MIXED RUN prepare voices=2 total=703 frequency=709379 bits=8 interval=1 case=27 writes=0 chip_alloc=0
NATIVE MIXED RUN prepare voices=2 total=695 frequency=709379 bits=8 interval=1 case=28 writes=0 chip_alloc=0
NATIVE MIXED RUN prepare voices=2 total=692 frequency=709379 bits=8 interval=1 case=29 writes=0 chip_alloc=0
NATIVE MIXED RUN prepare voices=2 total=726 frequency=709379 bits=8 interval=1 case=30 writes=0 chip_alloc=0
NATIVE MIXED RUN prepare voices=2 total=702 frequency=709379 bits=8 interval=1 case=31 writes=0 chip_alloc=0
NATIVE MIXED RUN prepare voices=2 total=694 frequency=709379 bits=8 interval=1 case=32 writes=0 chip_alloc=0
NATIVE MIXED RUN prepare voices=2 total=693 frequency=709379 bits=8 interval=1 case=33 writes=0 chip_alloc=0
NATIVE MIXED RUN prepare voices=2 total=689 frequency=709379 bits=8 interval=1 case=34 writes=0 chip_alloc=0
NATIVE MIXED RUN prepare voices=2 total=691 frequency=709379 bits=8 interval=1 case=35 writes=0 chip_alloc=0
NATIVE MIXED RUN prepare voices=2 total=694 frequency=709379 bits=8 interval=1 case=36 writes=0 chip_alloc=0
NATIVE MIXED RUN prepare voices=2 total=694 frequency=709379 bits=8 interval=1 case=37 writes=0 chip_alloc=0
NATIVE MIXED RUN prepare voices=2 total=692 frequency=709379 bits=8 interval=1 case=38 writes=0 chip_alloc=0
NATIVE MIXED RUN prepare voices=2 total=694 frequency=709379 bits=8 interval=1 case=39 writes=0 chip_alloc=0
NATIVE MIXED RUN prepare voices=2 total=693 frequency=709379 bits=8 interval=1 case=40 writes=0 chip_alloc=0
NATIVE MIXED RUN prepare voices=2 total=689 frequency=709379 bits=8 interval=1 case=41 writes=0 chip_alloc=0
NATIVE MIXED RUN prepare voices=2 total=692 frequency=709379 bits=8 interval=1 case=42 writes=0 chip_alloc=0
NATIVE MIXED RUN prepare voices=2 total=694 frequency=709379 bits=8 interval=1 case=43 writes=0 chip_alloc=0
NATIVE MIXED RUN prepare voices=2 total=693 frequency=709379 bits=8 interval=1 case=44 writes=0 chip_alloc=0
NATIVE MIXED RUN prepare voices=2 total=689 frequency=709379 bits=8 interval=1 case=45 writes=0 chip_alloc=0
NATIVE MIXED RUN prepare voices=2 total=688 frequency=709379 bits=8 interval=1 case=46 writes=0 chip_alloc=0
NATIVE MIXED RUN prepare voices=2 total=692 frequency=709379 bits=8 interval=1 case=47 writes=0 chip_alloc=0
NATIVE MIXED RUN prepare voices=2 total=692 frequency=709379 bits=8 interval=1 case=48 writes=0 chip_alloc=0
NATIVE MIXED RUN prepare voices=2 total=694 frequency=709379 bits=8 interval=1 case=49 writes=0 chip_alloc=0
NATIVE MIXED RUN prepare voices=2 total=695 frequency=709379 bits=8 interval=1 case=50 writes=0 chip_alloc=0
NATIVE MIXED RUN prepare voices=2 total=692 frequency=709379 bits=8 interval=1 case=51 writes=0 chip_alloc=0
NATIVE MIXED RUN prepare voices=2 total=692 frequency=709379 bits=8 interval=1 case=52 writes=0 chip_alloc=0
NATIVE MIXED RUN prepare voices=2 total=693 frequency=709379 bits=8 interval=1 case=53 writes=0 chip_alloc=0
NATIVE MIXED RUN prepare voices=2 total=692 frequency=709379 bits=8 interval=1 case=54 writes=0 chip_alloc=0
NATIVE MIXED RUN prepare voices=2 total=694 frequency=709379 bits=8 interval=1 case=55 writes=0 chip_alloc=0
NATIVE MIXED RUN prepare voices=2 total=693 frequency=709379 bits=8 interval=1 case=56 writes=0 chip_alloc=0
NATIVE MIXED RUN prepare voices=2 total=693 frequency=709379 bits=8 interval=1 case=57 writes=0 chip_alloc=0
NATIVE MIXED RUN prepare voices=2 total=689 frequency=709379 bits=8 interval=1 case=58 writes=0 chip_alloc=0
NATIVE MIXED RUN prepare voices=2 total=692 frequency=709379 bits=8 interval=1 case=59 writes=0 chip_alloc=0
NATIVE MIXED RUN prepare voices=2 total=693 frequency=709379 bits=8 interval=1 case=60 writes=0 chip_alloc=0
NATIVE MIXED RUN prepare voices=2 total=689 frequency=709379 bits=8 interval=1 case=61 writes=0 chip_alloc=0
NATIVE MIXED RUN prepare voices=2 total=693 frequency=709379 bits=8 interval=1 case=62 writes=0 chip_alloc=0
NATIVE MIXED RUN prepare voices=2 total=701 frequency=709379 bits=8 interval=1 case=63 writes=0 chip_alloc=0
NATIVE MIXED RUN service voices=2 total=848 frequency=709379 bits=8 interval=1 case=7
NATIVE MIXED RUN service voices=2 total=847 frequency=709379 bits=8 interval=1 case=8
NATIVE MIXED RUN service voices=2 total=848 frequency=709379 bits=8 interval=1 case=9
NATIVE MIXED RUN service voices=2 total=860 frequency=709379 bits=8 interval=1 case=10
NATIVE MIXED RUN service voices=2 total=861 frequency=709379 bits=8 interval=1 case=11
NATIVE MIXED RUN service voices=2 total=862 frequency=709379 bits=8 interval=1 case=12
NATIVE MIXED RUN boundary voices=2 total=1992 frequency=709379 bits=8 interval=2 result=8 outputs=0
NATIVE MIXED RUN prepare voices=16 total=975 frequency=709379 bits=8 interval=0 case=0 writes=0 chip_alloc=0
NATIVE MIXED RUN prepare voices=16 total=1750 frequency=709379 bits=8 interval=0 case=1 writes=0 chip_alloc=0
NATIVE MIXED RUN prepare voices=16 total=1745 frequency=709379 bits=8 interval=0 case=2 writes=0 chip_alloc=0
NATIVE MIXED RUN prepare voices=16 total=1780 frequency=709379 bits=8 interval=0 case=3 writes=0 chip_alloc=0
NATIVE MIXED RUN prepare voices=16 total=1748 frequency=709379 bits=8 interval=0 case=4 writes=0 chip_alloc=0
NATIVE MIXED RUN prepare voices=16 total=11951 frequency=709379 bits=8 interval=0 case=5 writes=0 chip_alloc=0
NATIVE MIXED RUN prepare voices=16 total=1418 frequency=709379 bits=8 interval=0 case=6 writes=0 chip_alloc=0
NATIVE MIXED RUN prepare voices=16 total=1462 frequency=709379 bits=8 interval=0 case=7 writes=0 chip_alloc=0
NATIVE MIXED RUN prepare voices=16 total=1417 frequency=709379 bits=8 interval=0 case=8 writes=0 chip_alloc=0
NATIVE MIXED RUN prepare voices=16 total=1462 frequency=709379 bits=8 interval=0 case=9 writes=0 chip_alloc=0
NATIVE MIXED RUN prepare voices=16 total=2335 frequency=709379 bits=8 interval=0 case=10 writes=0 chip_alloc=0
NATIVE MIXED RUN prepare voices=16 total=1169 frequency=709379 bits=8 interval=0 case=11 writes=0 chip_alloc=0
NATIVE MIXED RUN prepare voices=16 total=7388 frequency=709379 bits=8 interval=0 case=12 writes=128 chip_alloc=0
NATIVE MIXED RUN prepare voices=16 total=6953 frequency=709379 bits=8 interval=0 case=13 writes=128 chip_alloc=0
NATIVE MIXED RUN prepare voices=16 total=6884 frequency=709379 bits=8 interval=0 case=14 writes=128 chip_alloc=0
NATIVE MIXED RUN prepare voices=16 total=10352 frequency=709379 bits=8 interval=0 case=15 writes=128 chip_alloc=0
NATIVE MIXED RUN prepare voices=16 total=7202 frequency=709379 bits=8 interval=0 case=16 writes=128 chip_alloc=0
NATIVE MIXED RUN prepare voices=16 total=6953 frequency=709379 bits=8 interval=0 case=17 writes=128 chip_alloc=0
NATIVE MIXED RUN prepare voices=16 total=7218 frequency=709379 bits=8 interval=0 case=18 writes=128 chip_alloc=0
NATIVE MIXED RUN prepare voices=16 total=7104 frequency=709379 bits=8 interval=0 case=19 writes=128 chip_alloc=0
NATIVE MIXED RUN prepare voices=16 total=881 frequency=709379 bits=8 interval=0 case=20 writes=0 chip_alloc=0
NATIVE MIXED RUN prepare voices=16 total=1139 frequency=709379 bits=8 interval=0 case=21 writes=0 chip_alloc=0
NATIVE MIXED RUN prepare voices=16 total=1040 frequency=709379 bits=8 interval=0 case=22 writes=0 chip_alloc=0
NATIVE MIXED RUN prepare voices=16 total=1015 frequency=709379 bits=8 interval=0 case=23 writes=0 chip_alloc=0
NATIVE MIXED RUN prepare voices=16 total=1015 frequency=709379 bits=8 interval=0 case=24 writes=0 chip_alloc=0
NATIVE MIXED RUN prepare voices=16 total=1040 frequency=709379 bits=8 interval=0 case=25 writes=0 chip_alloc=0
NATIVE MIXED RUN prepare voices=16 total=1015 frequency=709379 bits=8 interval=0 case=26 writes=0 chip_alloc=0
NATIVE MIXED RUN prepare voices=16 total=1017 frequency=709379 bits=8 interval=0 case=27 writes=0 chip_alloc=0
NATIVE MIXED RUN prepare voices=16 total=1039 frequency=709379 bits=8 interval=0 case=28 writes=0 chip_alloc=0
NATIVE MIXED RUN prepare voices=16 total=1013 frequency=709379 bits=8 interval=0 case=29 writes=0 chip_alloc=0
NATIVE MIXED RUN prepare voices=16 total=1040 frequency=709379 bits=8 interval=0 case=30 writes=0 chip_alloc=0
NATIVE MIXED RUN prepare voices=16 total=1012 frequency=709379 bits=8 interval=0 case=31 writes=0 chip_alloc=0
NATIVE MIXED RUN prepare voices=16 total=1040 frequency=709379 bits=8 interval=0 case=32 writes=0 chip_alloc=0
NATIVE MIXED RUN prepare voices=16 total=1043 frequency=709379 bits=8 interval=0 case=33 writes=0 chip_alloc=0
NATIVE MIXED RUN prepare voices=16 total=912 frequency=709379 bits=8 interval=0 case=34 writes=0 chip_alloc=0
NATIVE MIXED RUN prepare voices=16 total=692 frequency=709379 bits=8 interval=0 case=35 writes=0 chip_alloc=0
NATIVE MIXED RUN prepare voices=16 total=694 frequency=709379 bits=8 interval=0 case=36 writes=0 chip_alloc=0
NATIVE MIXED RUN prepare voices=16 total=693 frequency=709379 bits=8 interval=0 case=37 writes=0 chip_alloc=0
NATIVE MIXED RUN prepare voices=16 total=692 frequency=709379 bits=8 interval=0 case=38 writes=0 chip_alloc=0
NATIVE MIXED RUN prepare voices=16 total=698 frequency=709379 bits=8 interval=0 case=39 writes=0 chip_alloc=0
NATIVE MIXED RUN prepare voices=16 total=702 frequency=709379 bits=8 interval=0 case=40 writes=0 chip_alloc=0
NATIVE MIXED RUN prepare voices=16 total=700 frequency=709379 bits=8 interval=0 case=41 writes=0 chip_alloc=0
NATIVE MIXED RUN prepare voices=16 total=692 frequency=709379 bits=8 interval=0 case=42 writes=0 chip_alloc=0
NATIVE MIXED RUN prepare voices=16 total=695 frequency=709379 bits=8 interval=0 case=43 writes=0 chip_alloc=0
NATIVE MIXED RUN prepare voices=16 total=693 frequency=709379 bits=8 interval=0 case=44 writes=0 chip_alloc=0
NATIVE MIXED RUN prepare voices=16 total=689 frequency=709379 bits=8 interval=0 case=45 writes=0 chip_alloc=0
NATIVE MIXED RUN prepare voices=16 total=689 frequency=709379 bits=8 interval=0 case=46 writes=0 chip_alloc=0
NATIVE MIXED RUN prepare voices=16 total=693 frequency=709379 bits=8 interval=0 case=47 writes=0 chip_alloc=0
NATIVE MIXED RUN prepare voices=16 total=691 frequency=709379 bits=8 interval=0 case=48 writes=0 chip_alloc=0
NATIVE MIXED RUN prepare voices=16 total=695 frequency=709379 bits=8 interval=0 case=49 writes=0 chip_alloc=0
NATIVE MIXED RUN prepare voices=16 total=693 frequency=709379 bits=8 interval=0 case=50 writes=0 chip_alloc=0
NATIVE MIXED RUN prepare voices=16 total=703 frequency=709379 bits=8 interval=0 case=51 writes=0 chip_alloc=0
NATIVE MIXED RUN prepare voices=16 total=700 frequency=709379 bits=8 interval=0 case=52 writes=0 chip_alloc=0
NATIVE MIXED RUN prepare voices=16 total=700 frequency=709379 bits=8 interval=0 case=53 writes=0 chip_alloc=0
NATIVE MIXED RUN prepare voices=16 total=692 frequency=709379 bits=8 interval=0 case=54 writes=0 chip_alloc=0
NATIVE MIXED RUN prepare voices=16 total=692 frequency=709379 bits=8 interval=0 case=55 writes=0 chip_alloc=0
NATIVE MIXED RUN prepare voices=16 total=695 frequency=709379 bits=8 interval=0 case=56 writes=0 chip_alloc=0
NATIVE MIXED RUN prepare voices=16 total=692 frequency=709379 bits=8 interval=0 case=57 writes=0 chip_alloc=0
NATIVE MIXED RUN prepare voices=16 total=689 frequency=709379 bits=8 interval=0 case=58 writes=0 chip_alloc=0
NATIVE MIXED RUN prepare voices=16 total=692 frequency=709379 bits=8 interval=0 case=59 writes=0 chip_alloc=0
NATIVE MIXED RUN prepare voices=16 total=692 frequency=709379 bits=8 interval=0 case=60 writes=0 chip_alloc=0
NATIVE MIXED RUN prepare voices=16 total=695 frequency=709379 bits=8 interval=0 case=61 writes=0 chip_alloc=0
NATIVE MIXED RUN prepare voices=16 total=694 frequency=709379 bits=8 interval=0 case=62 writes=0 chip_alloc=0
NATIVE MIXED RUN prepare voices=16 total=690 frequency=709379 bits=8 interval=0 case=63 writes=0 chip_alloc=0
NATIVE MIXED RUN service voices=16 total=1748 frequency=709379 bits=8 interval=0 case=0
NATIVE MIXED RUN service voices=16 total=1744 frequency=709379 bits=8 interval=0 case=1
NATIVE MIXED RUN service voices=16 total=16642 frequency=709379 bits=8 interval=0 case=2
NATIVE MIXED RUN service voices=16 total=1745 frequency=709379 bits=8 interval=0 case=3
NATIVE MIXED RUN service voices=16 total=1747 frequency=709379 bits=8 interval=0 case=4
NATIVE MIXED RUN service voices=16 total=1744 frequency=709379 bits=8 interval=0 case=5
NATIVE MIXED RUN service voices=16 total=1743 frequency=709379 bits=8 interval=0 case=6
NATIVE MIXED RUN boundary voices=16 total=4055 frequency=709379 bits=8 interval=1 result=11 outputs=17
NATIVE MIXED RUN prepare voices=16 total=977 frequency=709379 bits=8 interval=1 case=0 writes=0 chip_alloc=0
NATIVE MIXED RUN prepare voices=16 total=1748 frequency=709379 bits=8 interval=1 case=1 writes=0 chip_alloc=0
NATIVE MIXED RUN prepare voices=16 total=1726 frequency=709379 bits=8 interval=1 case=2 writes=0 chip_alloc=0
NATIVE MIXED RUN prepare voices=16 total=1726 frequency=709379 bits=8 interval=1 case=3 writes=0 chip_alloc=0
NATIVE MIXED RUN prepare voices=16 total=1727 frequency=709379 bits=8 interval=1 case=4 writes=0 chip_alloc=0
NATIVE MIXED RUN prepare voices=16 total=2326 frequency=709379 bits=8 interval=1 case=5 writes=0 chip_alloc=0
NATIVE MIXED RUN prepare voices=16 total=1757 frequency=709379 bits=8 interval=1 case=6 writes=0 chip_alloc=0
NATIVE MIXED RUN prepare voices=16 total=851 frequency=709379 bits=8 interval=1 case=7 writes=0 chip_alloc=0
NATIVE MIXED RUN prepare voices=16 total=852 frequency=709379 bits=8 interval=1 case=8 writes=0 chip_alloc=0
NATIVE MIXED RUN prepare voices=16 total=695 frequency=709379 bits=8 interval=1 case=9 writes=0 chip_alloc=0
NATIVE MIXED RUN prepare voices=16 total=693 frequency=709379 bits=8 interval=1 case=10 writes=0 chip_alloc=0
NATIVE MIXED RUN prepare voices=16 total=689 frequency=709379 bits=8 interval=1 case=11 writes=0 chip_alloc=0
NATIVE MIXED RUN prepare voices=16 total=692 frequency=709379 bits=8 interval=1 case=12 writes=0 chip_alloc=0
NATIVE MIXED RUN prepare voices=16 total=933 frequency=709379 bits=8 interval=1 case=13 writes=0 chip_alloc=0
NATIVE MIXED RUN prepare voices=16 total=692 frequency=709379 bits=8 interval=1 case=14 writes=0 chip_alloc=0
NATIVE MIXED RUN prepare voices=16 total=695 frequency=709379 bits=8 interval=1 case=15 writes=0 chip_alloc=0
NATIVE MIXED RUN prepare voices=16 total=693 frequency=709379 bits=8 interval=1 case=16 writes=0 chip_alloc=0
NATIVE MIXED RUN prepare voices=16 total=692 frequency=709379 bits=8 interval=1 case=17 writes=0 chip_alloc=0
NATIVE MIXED RUN prepare voices=16 total=692 frequency=709379 bits=8 interval=1 case=18 writes=0 chip_alloc=0
NATIVE MIXED RUN prepare voices=16 total=692 frequency=709379 bits=8 interval=1 case=19 writes=0 chip_alloc=0
NATIVE MIXED RUN prepare voices=16 total=692 frequency=709379 bits=8 interval=1 case=20 writes=0 chip_alloc=0
NATIVE MIXED RUN prepare voices=16 total=695 frequency=709379 bits=8 interval=1 case=21 writes=0 chip_alloc=0
NATIVE MIXED RUN prepare voices=16 total=693 frequency=709379 bits=8 interval=1 case=22 writes=0 chip_alloc=0
NATIVE MIXED RUN prepare voices=16 total=688 frequency=709379 bits=8 interval=1 case=23 writes=0 chip_alloc=0
NATIVE MIXED RUN prepare voices=16 total=692 frequency=709379 bits=8 interval=1 case=24 writes=0 chip_alloc=0
NATIVE MIXED RUN prepare voices=16 total=692 frequency=709379 bits=8 interval=1 case=25 writes=0 chip_alloc=0
NATIVE MIXED RUN prepare voices=16 total=695 frequency=709379 bits=8 interval=1 case=26 writes=0 chip_alloc=0
NATIVE MIXED RUN prepare voices=16 total=693 frequency=709379 bits=8 interval=1 case=27 writes=0 chip_alloc=0
NATIVE MIXED RUN prepare voices=16 total=693 frequency=709379 bits=8 interval=1 case=28 writes=0 chip_alloc=0
NATIVE MIXED RUN prepare voices=16 total=693 frequency=709379 bits=8 interval=1 case=29 writes=0 chip_alloc=0
NATIVE MIXED RUN prepare voices=16 total=700 frequency=709379 bits=8 interval=1 case=30 writes=0 chip_alloc=0
NATIVE MIXED RUN prepare voices=16 total=704 frequency=709379 bits=8 interval=1 case=31 writes=0 chip_alloc=0
NATIVE MIXED RUN prepare voices=16 total=701 frequency=709379 bits=8 interval=1 case=32 writes=0 chip_alloc=0
NATIVE MIXED RUN prepare voices=16 total=705 frequency=709379 bits=8 interval=1 case=33 writes=0 chip_alloc=0
NATIVE MIXED RUN prepare voices=16 total=692 frequency=709379 bits=8 interval=1 case=34 writes=0 chip_alloc=0
NATIVE MIXED RUN prepare voices=16 total=695 frequency=709379 bits=8 interval=1 case=35 writes=0 chip_alloc=0
NATIVE MIXED RUN prepare voices=16 total=693 frequency=709379 bits=8 interval=1 case=36 writes=0 chip_alloc=0
NATIVE MIXED RUN prepare voices=16 total=703 frequency=709379 bits=8 interval=1 case=37 writes=0 chip_alloc=0
NATIVE MIXED RUN prepare voices=16 total=703 frequency=709379 bits=8 interval=1 case=38 writes=0 chip_alloc=0
NATIVE MIXED RUN prepare voices=16 total=700 frequency=709379 bits=8 interval=1 case=39 writes=0 chip_alloc=0
NATIVE MIXED RUN prepare voices=16 total=703 frequency=709379 bits=8 interval=1 case=40 writes=0 chip_alloc=0
NATIVE MIXED RUN prepare voices=16 total=693 frequency=709379 bits=8 interval=1 case=41 writes=0 chip_alloc=0
NATIVE MIXED RUN prepare voices=16 total=693 frequency=709379 bits=8 interval=1 case=42 writes=0 chip_alloc=0
NATIVE MIXED RUN prepare voices=16 total=694 frequency=709379 bits=8 interval=1 case=43 writes=0 chip_alloc=0
NATIVE MIXED RUN prepare voices=16 total=693 frequency=709379 bits=8 interval=1 case=44 writes=0 chip_alloc=0
NATIVE MIXED RUN prepare voices=16 total=689 frequency=709379 bits=8 interval=1 case=45 writes=0 chip_alloc=0
NATIVE MIXED RUN prepare voices=16 total=689 frequency=709379 bits=8 interval=1 case=46 writes=0 chip_alloc=0
NATIVE MIXED RUN prepare voices=16 total=693 frequency=709379 bits=8 interval=1 case=47 writes=0 chip_alloc=0
NATIVE MIXED RUN prepare voices=16 total=693 frequency=709379 bits=8 interval=1 case=48 writes=0 chip_alloc=0
NATIVE MIXED RUN prepare voices=16 total=695 frequency=709379 bits=8 interval=1 case=49 writes=0 chip_alloc=0
NATIVE MIXED RUN prepare voices=16 total=694 frequency=709379 bits=8 interval=1 case=50 writes=0 chip_alloc=0
NATIVE MIXED RUN prepare voices=16 total=693 frequency=709379 bits=8 interval=1 case=51 writes=0 chip_alloc=0
NATIVE MIXED RUN prepare voices=16 total=689 frequency=709379 bits=8 interval=1 case=52 writes=0 chip_alloc=0
NATIVE MIXED RUN prepare voices=16 total=692 frequency=709379 bits=8 interval=1 case=53 writes=0 chip_alloc=0
NATIVE MIXED RUN prepare voices=16 total=692 frequency=709379 bits=8 interval=1 case=54 writes=0 chip_alloc=0
NATIVE MIXED RUN prepare voices=16 total=702 frequency=709379 bits=8 interval=1 case=55 writes=0 chip_alloc=0
NATIVE MIXED RUN prepare voices=16 total=700 frequency=709379 bits=8 interval=1 case=56 writes=0 chip_alloc=0
NATIVE MIXED RUN prepare voices=16 total=702 frequency=709379 bits=8 interval=1 case=57 writes=0 chip_alloc=0
NATIVE MIXED RUN prepare voices=16 total=703 frequency=709379 bits=8 interval=1 case=58 writes=0 chip_alloc=0
NATIVE MIXED RUN prepare voices=16 total=703 frequency=709379 bits=8 interval=1 case=59 writes=0 chip_alloc=0
NATIVE MIXED RUN prepare voices=16 total=700 frequency=709379 bits=8 interval=1 case=60 writes=0 chip_alloc=0
NATIVE MIXED RUN prepare voices=16 total=703 frequency=709379 bits=8 interval=1 case=61 writes=0 chip_alloc=0
NATIVE MIXED RUN prepare voices=16 total=707 frequency=709379 bits=8 interval=1 case=62 writes=0 chip_alloc=0
NATIVE MIXED RUN prepare voices=16 total=698 frequency=709379 bits=8 interval=1 case=63 writes=0 chip_alloc=0
NATIVE MIXED RUN service voices=16 total=1726 frequency=709379 bits=8 interval=1 case=7
NATIVE MIXED RUN service voices=16 total=1725 frequency=709379 bits=8 interval=1 case=8
NATIVE MIXED RUN service voices=16 total=1722 frequency=709379 bits=8 interval=1 case=9
NATIVE MIXED RUN service voices=16 total=5381 frequency=709379 bits=8 interval=1 case=10
NATIVE MIXED RUN service voices=16 total=1727 frequency=709379 bits=8 interval=1 case=11
NATIVE MIXED RUN service voices=16 total=1722 frequency=709379 bits=8 interval=1 case=12
NATIVE MIXED RUN boundary voices=16 total=3681 frequency=709379 bits=8 interval=2 result=8 outputs=0
NATIVE MIXED RUN prepare voices=2 total=984 frequency=709379 bits=16 interval=0 case=0 writes=0 chip_alloc=0
NATIVE MIXED RUN prepare voices=2 total=860 frequency=709379 bits=16 interval=0 case=1 writes=0 chip_alloc=0
NATIVE MIXED RUN prepare voices=2 total=860 frequency=709379 bits=16 interval=0 case=2 writes=0 chip_alloc=0
NATIVE MIXED RUN prepare voices=2 total=855 frequency=709379 bits=16 interval=0 case=3 writes=0 chip_alloc=0
NATIVE MIXED RUN prepare voices=2 total=850 frequency=709379 bits=16 interval=0 case=4 writes=0 chip_alloc=0
NATIVE MIXED RUN prepare voices=2 total=4201 frequency=709379 bits=16 interval=0 case=5 writes=0 chip_alloc=0
NATIVE MIXED RUN prepare voices=2 total=1457 frequency=709379 bits=16 interval=0 case=6 writes=0 chip_alloc=0
NATIVE MIXED RUN prepare voices=2 total=1706 frequency=709379 bits=16 interval=0 case=7 writes=0 chip_alloc=0
NATIVE MIXED RUN prepare voices=2 total=1191 frequency=709379 bits=16 interval=0 case=8 writes=0 chip_alloc=0
NATIVE MIXED RUN prepare voices=2 total=8172 frequency=709379 bits=16 interval=0 case=9 writes=128 chip_alloc=0
NATIVE MIXED RUN prepare voices=2 total=8189 frequency=709379 bits=16 interval=0 case=10 writes=128 chip_alloc=0
NATIVE MIXED RUN prepare voices=2 total=7865 frequency=709379 bits=16 interval=0 case=11 writes=128 chip_alloc=0
NATIVE MIXED RUN prepare voices=2 total=8348 frequency=709379 bits=16 interval=0 case=12 writes=128 chip_alloc=0
NATIVE MIXED RUN prepare voices=2 total=22767 frequency=709379 bits=16 interval=0 case=13 writes=128 chip_alloc=0
NATIVE MIXED RUN prepare voices=2 total=7952 frequency=709379 bits=16 interval=0 case=14 writes=128 chip_alloc=0
NATIVE MIXED RUN prepare voices=2 total=11777 frequency=709379 bits=16 interval=0 case=15 writes=128 chip_alloc=0
NATIVE MIXED RUN prepare voices=2 total=8232 frequency=709379 bits=16 interval=0 case=16 writes=128 chip_alloc=0
NATIVE MIXED RUN prepare voices=2 total=874 frequency=709379 bits=16 interval=0 case=17 writes=0 chip_alloc=0
NATIVE MIXED RUN prepare voices=2 total=1138 frequency=709379 bits=16 interval=0 case=18 writes=0 chip_alloc=0
NATIVE MIXED RUN prepare voices=2 total=1044 frequency=709379 bits=16 interval=0 case=19 writes=0 chip_alloc=0
NATIVE MIXED RUN prepare voices=2 total=904 frequency=709379 bits=16 interval=0 case=20 writes=0 chip_alloc=0
NATIVE MIXED RUN prepare voices=2 total=693 frequency=709379 bits=16 interval=0 case=21 writes=0 chip_alloc=0
NATIVE MIXED RUN prepare voices=2 total=703 frequency=709379 bits=16 interval=0 case=22 writes=0 chip_alloc=0
NATIVE MIXED RUN prepare voices=2 total=704 frequency=709379 bits=16 interval=0 case=23 writes=0 chip_alloc=0
NATIVE MIXED RUN prepare voices=2 total=700 frequency=709379 bits=16 interval=0 case=24 writes=0 chip_alloc=0
NATIVE MIXED RUN prepare voices=2 total=703 frequency=709379 bits=16 interval=0 case=25 writes=0 chip_alloc=0
NATIVE MIXED RUN prepare voices=2 total=701 frequency=709379 bits=16 interval=0 case=26 writes=0 chip_alloc=0
NATIVE MIXED RUN prepare voices=2 total=945 frequency=709379 bits=16 interval=0 case=27 writes=0 chip_alloc=0
NATIVE MIXED RUN prepare voices=2 total=705 frequency=709379 bits=16 interval=0 case=28 writes=0 chip_alloc=0
NATIVE MIXED RUN prepare voices=2 total=702 frequency=709379 bits=16 interval=0 case=29 writes=0 chip_alloc=0
NATIVE MIXED RUN prepare voices=2 total=703 frequency=709379 bits=16 interval=0 case=30 writes=0 chip_alloc=0
NATIVE MIXED RUN prepare voices=2 total=694 frequency=709379 bits=16 interval=0 case=31 writes=0 chip_alloc=0
NATIVE MIXED RUN prepare voices=2 total=700 frequency=709379 bits=16 interval=0 case=32 writes=0 chip_alloc=0
NATIVE MIXED RUN prepare voices=2 total=700 frequency=709379 bits=16 interval=0 case=33 writes=0 chip_alloc=0
NATIVE MIXED RUN prepare voices=2 total=700 frequency=709379 bits=16 interval=0 case=34 writes=0 chip_alloc=0
NATIVE MIXED RUN prepare voices=2 total=707 frequency=709379 bits=16 interval=0 case=35 writes=0 chip_alloc=0
NATIVE MIXED RUN prepare voices=2 total=698 frequency=709379 bits=16 interval=0 case=36 writes=0 chip_alloc=0
NATIVE MIXED RUN prepare voices=2 total=702 frequency=709379 bits=16 interval=0 case=37 writes=0 chip_alloc=0
NATIVE MIXED RUN prepare voices=2 total=700 frequency=709379 bits=16 interval=0 case=38 writes=0 chip_alloc=0
NATIVE MIXED RUN prepare voices=2 total=700 frequency=709379 bits=16 interval=0 case=39 writes=0 chip_alloc=0
NATIVE MIXED RUN prepare voices=2 total=701 frequency=709379 bits=16 interval=0 case=40 writes=0 chip_alloc=0
NATIVE MIXED RUN prepare voices=2 total=701 frequency=709379 bits=16 interval=0 case=41 writes=0 chip_alloc=0
NATIVE MIXED RUN prepare voices=2 total=701 frequency=709379 bits=16 interval=0 case=42 writes=0 chip_alloc=0
NATIVE MIXED RUN prepare voices=2 total=707 frequency=709379 bits=16 interval=0 case=43 writes=0 chip_alloc=0
NATIVE MIXED RUN prepare voices=2 total=698 frequency=709379 bits=16 interval=0 case=44 writes=0 chip_alloc=0
NATIVE MIXED RUN prepare voices=2 total=949 frequency=709379 bits=16 interval=0 case=45 writes=0 chip_alloc=0
NATIVE MIXED RUN prepare voices=2 total=688 frequency=709379 bits=16 interval=0 case=46 writes=0 chip_alloc=0
NATIVE MIXED RUN prepare voices=2 total=692 frequency=709379 bits=16 interval=0 case=47 writes=0 chip_alloc=0
NATIVE MIXED RUN prepare voices=2 total=692 frequency=709379 bits=16 interval=0 case=48 writes=0 chip_alloc=0
NATIVE MIXED RUN prepare voices=2 total=695 frequency=709379 bits=16 interval=0 case=49 writes=0 chip_alloc=0
NATIVE MIXED RUN prepare voices=2 total=698 frequency=709379 bits=16 interval=0 case=50 writes=0 chip_alloc=0
NATIVE MIXED RUN prepare voices=2 total=703 frequency=709379 bits=16 interval=0 case=51 writes=0 chip_alloc=0
NATIVE MIXED RUN prepare voices=2 total=945 frequency=709379 bits=16 interval=0 case=52 writes=0 chip_alloc=0
NATIVE MIXED RUN prepare voices=2 total=700 frequency=709379 bits=16 interval=0 case=53 writes=0 chip_alloc=0
NATIVE MIXED RUN prepare voices=2 total=702 frequency=709379 bits=16 interval=0 case=54 writes=0 chip_alloc=0
NATIVE MIXED RUN prepare voices=2 total=703 frequency=709379 bits=16 interval=0 case=55 writes=0 chip_alloc=0
NATIVE MIXED RUN prepare voices=2 total=704 frequency=709379 bits=16 interval=0 case=56 writes=0 chip_alloc=0
NATIVE MIXED RUN prepare voices=2 total=700 frequency=709379 bits=16 interval=0 case=57 writes=0 chip_alloc=0
NATIVE MIXED RUN prepare voices=2 total=703 frequency=709379 bits=16 interval=0 case=58 writes=0 chip_alloc=0
NATIVE MIXED RUN prepare voices=2 total=701 frequency=709379 bits=16 interval=0 case=59 writes=0 chip_alloc=0
NATIVE MIXED RUN prepare voices=2 total=695 frequency=709379 bits=16 interval=0 case=60 writes=0 chip_alloc=0
NATIVE MIXED RUN prepare voices=2 total=693 frequency=709379 bits=16 interval=0 case=61 writes=0 chip_alloc=0
NATIVE MIXED RUN prepare voices=2 total=689 frequency=709379 bits=16 interval=0 case=62 writes=0 chip_alloc=0
NATIVE MIXED RUN prepare voices=2 total=693 frequency=709379 bits=16 interval=0 case=63 writes=0 chip_alloc=0
NATIVE MIXED RUN service voices=2 total=857 frequency=709379 bits=16 interval=0 case=0
NATIVE MIXED RUN service voices=2 total=857 frequency=709379 bits=16 interval=0 case=1
NATIVE MIXED RUN service voices=2 total=1283 frequency=709379 bits=16 interval=0 case=2
NATIVE MIXED RUN service voices=2 total=854 frequency=709379 bits=16 interval=0 case=3
NATIVE MIXED RUN service voices=2 total=856 frequency=709379 bits=16 interval=0 case=4
NATIVE MIXED RUN service voices=2 total=854 frequency=709379 bits=16 interval=0 case=5
NATIVE MIXED RUN service voices=2 total=848 frequency=709379 bits=16 interval=0 case=6
NATIVE MIXED RUN boundary voices=2 total=2338 frequency=709379 bits=16 interval=1 result=11 outputs=3
NATIVE MIXED RUN prepare voices=2 total=981 frequency=709379 bits=16 interval=1 case=0 writes=0 chip_alloc=0
NATIVE MIXED RUN prepare voices=2 total=849 frequency=709379 bits=16 interval=1 case=1 writes=0 chip_alloc=0
NATIVE MIXED RUN prepare voices=2 total=850 frequency=709379 bits=16 interval=1 case=2 writes=0 chip_alloc=0
NATIVE MIXED RUN prepare voices=2 total=851 frequency=709379 bits=16 interval=1 case=3 writes=0 chip_alloc=0
NATIVE MIXED RUN prepare voices=2 total=850 frequency=709379 bits=16 interval=1 case=4 writes=0 chip_alloc=0
NATIVE MIXED RUN prepare voices=2 total=2314 frequency=709379 bits=16 interval=1 case=5 writes=0 chip_alloc=0
NATIVE MIXED RUN prepare voices=2 total=5423 frequency=709379 bits=16 interval=1 case=6 writes=0 chip_alloc=0
NATIVE MIXED RUN prepare voices=2 total=851 frequency=709379 bits=16 interval=1 case=7 writes=0 chip_alloc=0
NATIVE MIXED RUN prepare voices=2 total=874 frequency=709379 bits=16 interval=1 case=8 writes=0 chip_alloc=0
NATIVE MIXED RUN prepare voices=2 total=703 frequency=709379 bits=16 interval=1 case=9 writes=0 chip_alloc=0
NATIVE MIXED RUN prepare voices=2 total=698 frequency=709379 bits=16 interval=1 case=10 writes=0 chip_alloc=0
NATIVE MIXED RUN prepare voices=2 total=692 frequency=709379 bits=16 interval=1 case=11 writes=0 chip_alloc=0
NATIVE MIXED RUN prepare voices=2 total=688 frequency=709379 bits=16 interval=1 case=12 writes=0 chip_alloc=0
NATIVE MIXED RUN prepare voices=2 total=691 frequency=709379 bits=16 interval=1 case=13 writes=0 chip_alloc=0
NATIVE MIXED RUN prepare voices=2 total=693 frequency=709379 bits=16 interval=1 case=14 writes=0 chip_alloc=0
NATIVE MIXED RUN prepare voices=2 total=695 frequency=709379 bits=16 interval=1 case=15 writes=0 chip_alloc=0
NATIVE MIXED RUN prepare voices=2 total=694 frequency=709379 bits=16 interval=1 case=16 writes=0 chip_alloc=0
NATIVE MIXED RUN prepare voices=2 total=689 frequency=709379 bits=16 interval=1 case=17 writes=0 chip_alloc=0
NATIVE MIXED RUN prepare voices=2 total=688 frequency=709379 bits=16 interval=1 case=18 writes=0 chip_alloc=0
NATIVE MIXED RUN prepare voices=2 total=692 frequency=709379 bits=16 interval=1 case=19 writes=0 chip_alloc=0
NATIVE MIXED RUN prepare voices=2 total=693 frequency=709379 bits=16 interval=1 case=20 writes=0 chip_alloc=0
NATIVE MIXED RUN prepare voices=2 total=695 frequency=709379 bits=16 interval=1 case=21 writes=0 chip_alloc=0
NATIVE MIXED RUN prepare voices=2 total=693 frequency=709379 bits=16 interval=1 case=22 writes=0 chip_alloc=0
NATIVE MIXED RUN prepare voices=2 total=689 frequency=709379 bits=16 interval=1 case=23 writes=0 chip_alloc=0
NATIVE MIXED RUN prepare voices=2 total=693 frequency=709379 bits=16 interval=1 case=24 writes=0 chip_alloc=0
NATIVE MIXED RUN prepare voices=2 total=937 frequency=709379 bits=16 interval=1 case=25 writes=0 chip_alloc=0
NATIVE MIXED RUN prepare voices=2 total=693 frequency=709379 bits=16 interval=1 case=26 writes=0 chip_alloc=0
NATIVE MIXED RUN prepare voices=2 total=689 frequency=709379 bits=16 interval=1 case=27 writes=0 chip_alloc=0
NATIVE MIXED RUN prepare voices=2 total=692 frequency=709379 bits=16 interval=1 case=28 writes=0 chip_alloc=0
NATIVE MIXED RUN prepare voices=2 total=692 frequency=709379 bits=16 interval=1 case=29 writes=0 chip_alloc=0
NATIVE MIXED RUN prepare voices=2 total=695 frequency=709379 bits=16 interval=1 case=30 writes=0 chip_alloc=0
NATIVE MIXED RUN prepare voices=2 total=694 frequency=709379 bits=16 interval=1 case=31 writes=0 chip_alloc=0
NATIVE MIXED RUN prepare voices=2 total=952 frequency=709379 bits=16 interval=1 case=32 writes=0 chip_alloc=0
NATIVE MIXED RUN prepare voices=2 total=704 frequency=709379 bits=16 interval=1 case=33 writes=0 chip_alloc=0
NATIVE MIXED RUN prepare voices=2 total=700 frequency=709379 bits=16 interval=1 case=34 writes=0 chip_alloc=0
NATIVE MIXED RUN prepare voices=2 total=704 frequency=709379 bits=16 interval=1 case=35 writes=0 chip_alloc=0
NATIVE MIXED RUN prepare voices=2 total=695 frequency=709379 bits=16 interval=1 case=36 writes=0 chip_alloc=0
NATIVE MIXED RUN prepare voices=2 total=694 frequency=709379 bits=16 interval=1 case=37 writes=0 chip_alloc=0
NATIVE MIXED RUN prepare voices=2 total=692 frequency=709379 bits=16 interval=1 case=38 writes=0 chip_alloc=0
NATIVE MIXED RUN prepare voices=2 total=693 frequency=709379 bits=16 interval=1 case=39 writes=0 chip_alloc=0
NATIVE MIXED RUN prepare voices=2 total=691 frequency=709379 bits=16 interval=1 case=40 writes=0 chip_alloc=0
NATIVE MIXED RUN prepare voices=2 total=729 frequency=709379 bits=16 interval=1 case=41 writes=0 chip_alloc=0
NATIVE MIXED RUN prepare voices=2 total=693 frequency=709379 bits=16 interval=1 case=42 writes=0 chip_alloc=0
NATIVE MIXED RUN prepare voices=2 total=689 frequency=709379 bits=16 interval=1 case=43 writes=0 chip_alloc=0
NATIVE MIXED RUN prepare voices=2 total=687 frequency=709379 bits=16 interval=1 case=44 writes=0 chip_alloc=0
NATIVE MIXED RUN prepare voices=2 total=692 frequency=709379 bits=16 interval=1 case=45 writes=0 chip_alloc=0
NATIVE MIXED RUN prepare voices=2 total=699 frequency=709379 bits=16 interval=1 case=46 writes=0 chip_alloc=0
NATIVE MIXED RUN prepare voices=2 total=701 frequency=709379 bits=16 interval=1 case=47 writes=0 chip_alloc=0
NATIVE MIXED RUN prepare voices=2 total=700 frequency=709379 bits=16 interval=1 case=48 writes=0 chip_alloc=0
NATIVE MIXED RUN prepare voices=2 total=707 frequency=709379 bits=16 interval=1 case=49 writes=0 chip_alloc=0
NATIVE MIXED RUN prepare voices=2 total=698 frequency=709379 bits=16 interval=1 case=50 writes=0 chip_alloc=0
NATIVE MIXED RUN prepare voices=2 total=702 frequency=709379 bits=16 interval=1 case=51 writes=0 chip_alloc=0
NATIVE MIXED RUN prepare voices=2 total=700 frequency=709379 bits=16 interval=1 case=52 writes=0 chip_alloc=0
NATIVE MIXED RUN prepare voices=2 total=700 frequency=709379 bits=16 interval=1 case=53 writes=0 chip_alloc=0
NATIVE MIXED RUN prepare voices=2 total=688 frequency=709379 bits=16 interval=1 case=54 writes=0 chip_alloc=0
NATIVE MIXED RUN prepare voices=2 total=692 frequency=709379 bits=16 interval=1 case=55 writes=0 chip_alloc=0
NATIVE MIXED RUN prepare voices=2 total=693 frequency=709379 bits=16 interval=1 case=56 writes=0 chip_alloc=0
NATIVE MIXED RUN prepare voices=2 total=695 frequency=709379 bits=16 interval=1 case=57 writes=0 chip_alloc=0
NATIVE MIXED RUN prepare voices=2 total=692 frequency=709379 bits=16 interval=1 case=58 writes=0 chip_alloc=0
NATIVE MIXED RUN prepare voices=2 total=689 frequency=709379 bits=16 interval=1 case=59 writes=0 chip_alloc=0
NATIVE MIXED RUN prepare voices=2 total=700 frequency=709379 bits=16 interval=1 case=60 writes=0 chip_alloc=0
NATIVE MIXED RUN prepare voices=2 total=704 frequency=709379 bits=16 interval=1 case=61 writes=0 chip_alloc=0
NATIVE MIXED RUN prepare voices=2 total=702 frequency=709379 bits=16 interval=1 case=62 writes=0 chip_alloc=0
NATIVE MIXED RUN prepare voices=2 total=701 frequency=709379 bits=16 interval=1 case=63 writes=0 chip_alloc=0
NATIVE MIXED RUN service voices=2 total=856 frequency=709379 bits=16 interval=1 case=7
NATIVE MIXED RUN service voices=2 total=854 frequency=709379 bits=16 interval=1 case=8
NATIVE MIXED RUN service voices=2 total=858 frequency=709379 bits=16 interval=1 case=9
NATIVE MIXED RUN service voices=2 total=859 frequency=709379 bits=16 interval=1 case=10
NATIVE MIXED RUN service voices=2 total=854 frequency=709379 bits=16 interval=1 case=11
NATIVE MIXED RUN service voices=2 total=854 frequency=709379 bits=16 interval=1 case=12
NATIVE MIXED RUN boundary voices=2 total=1989 frequency=709379 bits=16 interval=2 result=8 outputs=0
NATIVE MIXED RUN prepare voices=16 total=969 frequency=709379 bits=16 interval=0 case=0 writes=0 chip_alloc=0
NATIVE MIXED RUN prepare voices=16 total=16607 frequency=709379 bits=16 interval=0 case=1 writes=0 chip_alloc=0
NATIVE MIXED RUN prepare voices=16 total=1724 frequency=709379 bits=16 interval=0 case=2 writes=0 chip_alloc=0
NATIVE MIXED RUN prepare voices=16 total=1728 frequency=709379 bits=16 interval=0 case=3 writes=0 chip_alloc=0
NATIVE MIXED RUN prepare voices=16 total=1729 frequency=709379 bits=16 interval=0 case=4 writes=0 chip_alloc=0
NATIVE MIXED RUN prepare voices=16 total=15602 frequency=709379 bits=16 interval=0 case=5 writes=0 chip_alloc=0
NATIVE MIXED RUN prepare voices=16 total=1419 frequency=709379 bits=16 interval=0 case=6 writes=0 chip_alloc=0
NATIVE MIXED RUN prepare voices=16 total=1457 frequency=709379 bits=16 interval=0 case=7 writes=0 chip_alloc=0
NATIVE MIXED RUN prepare voices=16 total=1419 frequency=709379 bits=16 interval=0 case=8 writes=0 chip_alloc=0
NATIVE MIXED RUN prepare voices=16 total=1452 frequency=709379 bits=16 interval=0 case=9 writes=0 chip_alloc=0
NATIVE MIXED RUN prepare voices=16 total=2339 frequency=709379 bits=16 interval=0 case=10 writes=0 chip_alloc=0
NATIVE MIXED RUN prepare voices=16 total=1170 frequency=709379 bits=16 interval=0 case=11 writes=0 chip_alloc=0
NATIVE MIXED RUN prepare voices=16 total=7953 frequency=709379 bits=16 interval=0 case=12 writes=128 chip_alloc=0
NATIVE MIXED RUN prepare voices=16 total=8168 frequency=709379 bits=16 interval=0 case=13 writes=128 chip_alloc=0
NATIVE MIXED RUN prepare voices=16 total=8193 frequency=709379 bits=16 interval=0 case=14 writes=128 chip_alloc=0
NATIVE MIXED RUN prepare voices=16 total=7955 frequency=709379 bits=16 interval=0 case=15 writes=128 chip_alloc=0
NATIVE MIXED RUN prepare voices=16 total=8562 frequency=709379 bits=16 interval=0 case=16 writes=128 chip_alloc=0
NATIVE MIXED RUN prepare voices=16 total=8135 frequency=709379 bits=16 interval=0 case=17 writes=128 chip_alloc=0
NATIVE MIXED RUN prepare voices=16 total=7952 frequency=709379 bits=16 interval=0 case=18 writes=128 chip_alloc=0
NATIVE MIXED RUN prepare voices=16 total=8313 frequency=709379 bits=16 interval=0 case=19 writes=128 chip_alloc=0
NATIVE MIXED RUN prepare voices=16 total=881 frequency=709379 bits=16 interval=0 case=20 writes=0 chip_alloc=0
NATIVE MIXED RUN prepare voices=16 total=1136 frequency=709379 bits=16 interval=0 case=21 writes=0 chip_alloc=0
NATIVE MIXED RUN prepare voices=16 total=1284 frequency=709379 bits=16 interval=0 case=22 writes=0 chip_alloc=0
NATIVE MIXED RUN prepare voices=16 total=1014 frequency=709379 bits=16 interval=0 case=23 writes=0 chip_alloc=0
NATIVE MIXED RUN prepare voices=16 total=1040 frequency=709379 bits=16 interval=0 case=24 writes=0 chip_alloc=0
NATIVE MIXED RUN prepare voices=16 total=1017 frequency=709379 bits=16 interval=0 case=25 writes=0 chip_alloc=0
NATIVE MIXED RUN prepare voices=16 total=1045 frequency=709379 bits=16 interval=0 case=26 writes=0 chip_alloc=0
NATIVE MIXED RUN prepare voices=16 total=1017 frequency=709379 bits=16 interval=0 case=27 writes=0 chip_alloc=0
NATIVE MIXED RUN prepare voices=16 total=1461 frequency=709379 bits=16 interval=0 case=28 writes=0 chip_alloc=0
NATIVE MIXED RUN prepare voices=16 total=1017 frequency=709379 bits=16 interval=0 case=29 writes=0 chip_alloc=0
NATIVE MIXED RUN prepare voices=16 total=1039 frequency=709379 bits=16 interval=0 case=30 writes=0 chip_alloc=0
NATIVE MIXED RUN prepare voices=16 total=1019 frequency=709379 bits=16 interval=0 case=31 writes=0 chip_alloc=0
NATIVE MIXED RUN prepare voices=16 total=1041 frequency=709379 bits=16 interval=0 case=32 writes=0 chip_alloc=0
NATIVE MIXED RUN prepare voices=16 total=1015 frequency=709379 bits=16 interval=0 case=33 writes=0 chip_alloc=0
NATIVE MIXED RUN prepare voices=16 total=15833 frequency=709379 bits=16 interval=0 case=34 writes=0 chip_alloc=0
NATIVE MIXED RUN prepare voices=16 total=700 frequency=709379 bits=16 interval=0 case=35 writes=0 chip_alloc=0
NATIVE MIXED RUN prepare voices=16 total=701 frequency=709379 bits=16 interval=0 case=36 writes=0 chip_alloc=0
NATIVE MIXED RUN prepare voices=16 total=704 frequency=709379 bits=16 interval=0 case=37 writes=0 chip_alloc=0
NATIVE MIXED RUN prepare voices=16 total=700 frequency=709379 bits=16 interval=0 case=38 writes=0 chip_alloc=0
NATIVE MIXED RUN prepare voices=16 total=702 frequency=709379 bits=16 interval=0 case=39 writes=0 chip_alloc=0
NATIVE MIXED RUN prepare voices=16 total=704 frequency=709379 bits=16 interval=0 case=40 writes=0 chip_alloc=0
NATIVE MIXED RUN prepare voices=16 total=695 frequency=709379 bits=16 interval=0 case=41 writes=0 chip_alloc=0
NATIVE MIXED RUN prepare voices=16 total=695 frequency=709379 bits=16 interval=0 case=42 writes=0 chip_alloc=0
NATIVE MIXED RUN prepare voices=16 total=693 frequency=709379 bits=16 interval=0 case=43 writes=0 chip_alloc=0
NATIVE MIXED RUN prepare voices=16 total=702 frequency=709379 bits=16 interval=0 case=44 writes=0 chip_alloc=0
NATIVE MIXED RUN prepare voices=16 total=698 frequency=709379 bits=16 interval=0 case=45 writes=0 chip_alloc=0
NATIVE MIXED RUN prepare voices=16 total=944 frequency=709379 bits=16 interval=0 case=46 writes=0 chip_alloc=0
NATIVE MIXED RUN prepare voices=16 total=702 frequency=709379 bits=16 interval=0 case=47 writes=0 chip_alloc=0
NATIVE MIXED RUN prepare voices=16 total=703 frequency=709379 bits=16 interval=0 case=48 writes=0 chip_alloc=0
NATIVE MIXED RUN prepare voices=16 total=703 frequency=709379 bits=16 interval=0 case=49 writes=0 chip_alloc=0
NATIVE MIXED RUN prepare voices=16 total=703 frequency=709379 bits=16 interval=0 case=50 writes=0 chip_alloc=0
NATIVE MIXED RUN prepare voices=16 total=701 frequency=709379 bits=16 interval=0 case=51 writes=0 chip_alloc=0
NATIVE MIXED RUN prepare voices=16 total=702 frequency=709379 bits=16 interval=0 case=52 writes=0 chip_alloc=0
NATIVE MIXED RUN prepare voices=16 total=701 frequency=709379 bits=16 interval=0 case=53 writes=0 chip_alloc=0
NATIVE MIXED RUN prepare voices=16 total=701 frequency=709379 bits=16 interval=0 case=54 writes=0 chip_alloc=0
NATIVE MIXED RUN prepare voices=16 total=703 frequency=709379 bits=16 interval=0 case=55 writes=0 chip_alloc=0
NATIVE MIXED RUN prepare voices=16 total=702 frequency=709379 bits=16 interval=0 case=56 writes=0 chip_alloc=0
NATIVE MIXED RUN prepare voices=16 total=699 frequency=709379 bits=16 interval=0 case=57 writes=0 chip_alloc=0
NATIVE MIXED RUN prepare voices=16 total=688 frequency=709379 bits=16 interval=0 case=58 writes=0 chip_alloc=0
NATIVE MIXED RUN prepare voices=16 total=694 frequency=709379 bits=16 interval=0 case=59 writes=0 chip_alloc=0
NATIVE MIXED RUN prepare voices=16 total=699 frequency=709379 bits=16 interval=0 case=60 writes=0 chip_alloc=0
NATIVE MIXED RUN prepare voices=16 total=700 frequency=709379 bits=16 interval=0 case=61 writes=0 chip_alloc=0
NATIVE MIXED RUN prepare voices=16 total=701 frequency=709379 bits=16 interval=0 case=62 writes=0 chip_alloc=0
NATIVE MIXED RUN prepare voices=16 total=700 frequency=709379 bits=16 interval=0 case=63 writes=0 chip_alloc=0
NATIVE MIXED RUN service voices=16 total=1722 frequency=709379 bits=16 interval=0 case=0
NATIVE MIXED RUN service voices=16 total=1726 frequency=709379 bits=16 interval=0 case=1
NATIVE MIXED RUN service voices=16 total=1976 frequency=709379 bits=16 interval=0 case=2
NATIVE MIXED RUN service voices=16 total=1744 frequency=709379 bits=16 interval=0 case=3
NATIVE MIXED RUN service voices=16 total=1743 frequency=709379 bits=16 interval=0 case=4
NATIVE MIXED RUN service voices=16 total=1744 frequency=709379 bits=16 interval=0 case=5
NATIVE MIXED RUN service voices=16 total=1743 frequency=709379 bits=16 interval=0 case=6
NATIVE MIXED RUN boundary voices=16 total=4093 frequency=709379 bits=16 interval=1 result=11 outputs=17
NATIVE MIXED RUN prepare voices=16 total=976 frequency=709379 bits=16 interval=1 case=0 writes=0 chip_alloc=0
NATIVE MIXED RUN prepare voices=16 total=1745 frequency=709379 bits=16 interval=1 case=1 writes=0 chip_alloc=0
NATIVE MIXED RUN prepare voices=16 total=1750 frequency=709379 bits=16 interval=1 case=2 writes=0 chip_alloc=0
NATIVE MIXED RUN prepare voices=16 total=1988 frequency=709379 bits=16 interval=1 case=3 writes=0 chip_alloc=0
NATIVE MIXED RUN prepare voices=16 total=1745 frequency=709379 bits=16 interval=1 case=4 writes=0 chip_alloc=0
NATIVE MIXED RUN prepare voices=16 total=2338 frequency=709379 bits=16 interval=1 case=5 writes=0 chip_alloc=0
NATIVE MIXED RUN prepare voices=16 total=1568 frequency=709379 bits=16 interval=1 case=6 writes=0 chip_alloc=0
NATIVE MIXED RUN prepare voices=16 total=850 frequency=709379 bits=16 interval=1 case=7 writes=0 chip_alloc=0
NATIVE MIXED RUN prepare voices=16 total=875 frequency=709379 bits=16 interval=1 case=8 writes=0 chip_alloc=0
NATIVE MIXED RUN prepare voices=16 total=699 frequency=709379 bits=16 interval=1 case=9 writes=0 chip_alloc=0
NATIVE MIXED RUN prepare voices=16 total=702 frequency=709379 bits=16 interval=1 case=10 writes=0 chip_alloc=0
NATIVE MIXED RUN prepare voices=16 total=703 frequency=709379 bits=16 interval=1 case=11 writes=0 chip_alloc=0
NATIVE MIXED RUN prepare voices=16 total=700 frequency=709379 bits=16 interval=1 case=12 writes=0 chip_alloc=0
NATIVE MIXED RUN prepare voices=16 total=702 frequency=709379 bits=16 interval=1 case=13 writes=0 chip_alloc=0
NATIVE MIXED RUN prepare voices=16 total=705 frequency=709379 bits=16 interval=1 case=14 writes=0 chip_alloc=0
NATIVE MIXED RUN prepare voices=16 total=695 frequency=709379 bits=16 interval=1 case=15 writes=0 chip_alloc=0
NATIVE MIXED RUN prepare voices=16 total=695 frequency=709379 bits=16 interval=1 case=16 writes=0 chip_alloc=0
NATIVE MIXED RUN prepare voices=16 total=693 frequency=709379 bits=16 interval=1 case=17 writes=0 chip_alloc=0
NATIVE MIXED RUN prepare voices=16 total=692 frequency=709379 bits=16 interval=1 case=18 writes=0 chip_alloc=0
NATIVE MIXED RUN prepare voices=16 total=689 frequency=709379 bits=16 interval=1 case=19 writes=0 chip_alloc=0
NATIVE MIXED RUN prepare voices=16 total=692 frequency=709379 bits=16 interval=1 case=20 writes=0 chip_alloc=0
NATIVE MIXED RUN prepare voices=16 total=691 frequency=709379 bits=16 interval=1 case=21 writes=0 chip_alloc=0
NATIVE MIXED RUN prepare voices=16 total=700 frequency=709379 bits=16 interval=1 case=22 writes=0 chip_alloc=0
NATIVE MIXED RUN prepare voices=16 total=699 frequency=709379 bits=16 interval=1 case=23 writes=0 chip_alloc=0
NATIVE MIXED RUN prepare voices=16 total=700 frequency=709379 bits=16 interval=1 case=24 writes=0 chip_alloc=0
NATIVE MIXED RUN prepare voices=16 total=703 frequency=709379 bits=16 interval=1 case=25 writes=0 chip_alloc=0
NATIVE MIXED RUN prepare voices=16 total=703 frequency=709379 bits=16 interval=1 case=26 writes=0 chip_alloc=0
NATIVE MIXED RUN prepare voices=16 total=702 frequency=709379 bits=16 interval=1 case=27 writes=0 chip_alloc=0
NATIVE MIXED RUN prepare voices=16 total=15595 frequency=709379 bits=16 interval=1 case=28 writes=0 chip_alloc=0
NATIVE MIXED RUN prepare voices=16 total=692 frequency=709379 bits=16 interval=1 case=29 writes=0 chip_alloc=0
NATIVE MIXED RUN prepare voices=16 total=689 frequency=709379 bits=16 interval=1 case=30 writes=0 chip_alloc=0
NATIVE MIXED RUN prepare voices=16 total=692 frequency=709379 bits=16 interval=1 case=31 writes=0 chip_alloc=0
NATIVE MIXED RUN prepare voices=16 total=692 frequency=709379 bits=16 interval=1 case=32 writes=0 chip_alloc=0
NATIVE MIXED RUN prepare voices=16 total=695 frequency=709379 bits=16 interval=1 case=33 writes=0 chip_alloc=0
NATIVE MIXED RUN prepare voices=16 total=703 frequency=709379 bits=16 interval=1 case=34 writes=0 chip_alloc=0
NATIVE MIXED RUN prepare voices=16 total=700 frequency=709379 bits=16 interval=1 case=35 writes=0 chip_alloc=0
NATIVE MIXED RUN prepare voices=16 total=702 frequency=709379 bits=16 interval=1 case=36 writes=0 chip_alloc=0
NATIVE MIXED RUN prepare voices=16 total=705 frequency=709379 bits=16 interval=1 case=37 writes=0 chip_alloc=0
NATIVE MIXED RUN prepare voices=16 total=707 frequency=709379 bits=16 interval=1 case=38 writes=0 chip_alloc=0
NATIVE MIXED RUN prepare voices=16 total=704 frequency=709379 bits=16 interval=1 case=39 writes=0 chip_alloc=0
NATIVE MIXED RUN prepare voices=16 total=942 frequency=709379 bits=16 interval=1 case=40 writes=0 chip_alloc=0
NATIVE MIXED RUN prepare voices=16 total=698 frequency=709379 bits=16 interval=1 case=41 writes=0 chip_alloc=0
NATIVE MIXED RUN prepare voices=16 total=700 frequency=709379 bits=16 interval=1 case=42 writes=0 chip_alloc=0
NATIVE MIXED RUN prepare voices=16 total=699 frequency=709379 bits=16 interval=1 case=43 writes=0 chip_alloc=0
NATIVE MIXED RUN prepare voices=16 total=700 frequency=709379 bits=16 interval=1 case=44 writes=0 chip_alloc=0
NATIVE MIXED RUN prepare voices=16 total=701 frequency=709379 bits=16 interval=1 case=45 writes=0 chip_alloc=0
NATIVE MIXED RUN prepare voices=16 total=701 frequency=709379 bits=16 interval=1 case=46 writes=0 chip_alloc=0
NATIVE MIXED RUN prepare voices=16 total=939 frequency=709379 bits=16 interval=1 case=47 writes=0 chip_alloc=0
NATIVE MIXED RUN prepare voices=16 total=705 frequency=709379 bits=16 interval=1 case=48 writes=0 chip_alloc=0
NATIVE MIXED RUN prepare voices=16 total=707 frequency=709379 bits=16 interval=1 case=49 writes=0 chip_alloc=0
NATIVE MIXED RUN prepare voices=16 total=703 frequency=709379 bits=16 interval=1 case=50 writes=0 chip_alloc=0
NATIVE MIXED RUN prepare voices=16 total=700 frequency=709379 bits=16 interval=1 case=51 writes=0 chip_alloc=0
NATIVE MIXED RUN prepare voices=16 total=700 frequency=709379 bits=16 interval=1 case=52 writes=0 chip_alloc=0
NATIVE MIXED RUN prepare voices=16 total=701 frequency=709379 bits=16 interval=1 case=53 writes=0 chip_alloc=0
NATIVE MIXED RUN prepare voices=16 total=692 frequency=709379 bits=16 interval=1 case=54 writes=0 chip_alloc=0
NATIVE MIXED RUN prepare voices=16 total=692 frequency=709379 bits=16 interval=1 case=55 writes=0 chip_alloc=0
NATIVE MIXED RUN prepare voices=16 total=693 frequency=709379 bits=16 interval=1 case=56 writes=0 chip_alloc=0
NATIVE MIXED RUN prepare voices=16 total=693 frequency=709379 bits=16 interval=1 case=57 writes=0 chip_alloc=0
NATIVE MIXED RUN prepare voices=16 total=692 frequency=709379 bits=16 interval=1 case=58 writes=0 chip_alloc=0
NATIVE MIXED RUN prepare voices=16 total=690 frequency=709379 bits=16 interval=1 case=59 writes=0 chip_alloc=0
NATIVE MIXED RUN prepare voices=16 total=689 frequency=709379 bits=16 interval=1 case=60 writes=0 chip_alloc=0
NATIVE MIXED RUN prepare voices=16 total=932 frequency=709379 bits=16 interval=1 case=61 writes=0 chip_alloc=0
NATIVE MIXED RUN prepare voices=16 total=700 frequency=709379 bits=16 interval=1 case=62 writes=0 chip_alloc=0
NATIVE MIXED RUN prepare voices=16 total=702 frequency=709379 bits=16 interval=1 case=63 writes=0 chip_alloc=0
NATIVE MIXED RUN service voices=16 total=1722 frequency=709379 bits=16 interval=1 case=7
NATIVE MIXED RUN service voices=16 total=1725 frequency=709379 bits=16 interval=1 case=8
NATIVE MIXED RUN service voices=16 total=1723 frequency=709379 bits=16 interval=1 case=9
NATIVE MIXED RUN service voices=16 total=1727 frequency=709379 bits=16 interval=1 case=10
NATIVE MIXED RUN service voices=16 total=1722 frequency=709379 bits=16 interval=1 case=11
NATIVE MIXED RUN service voices=16 total=1727 frequency=709379 bits=16 interval=1 case=12
NATIVE MIXED RUN boundary voices=16 total=3434 frequency=709379 bits=16 interval=2 result=8 outputs=0
NATIVE MIXED RUN prepare voices=2 total=975 frequency=709379 bits=24 interval=0 case=0 writes=0 chip_alloc=0
NATIVE MIXED RUN prepare voices=2 total=847 frequency=709379 bits=24 interval=0 case=1 writes=0 chip_alloc=0
NATIVE MIXED RUN prepare voices=2 total=845 frequency=709379 bits=24 interval=0 case=2 writes=0 chip_alloc=0
NATIVE MIXED RUN prepare voices=2 total=847 frequency=709379 bits=24 interval=0 case=3 writes=0 chip_alloc=0
NATIVE MIXED RUN prepare voices=2 total=849 frequency=709379 bits=24 interval=0 case=4 writes=0 chip_alloc=0
NATIVE MIXED RUN prepare voices=2 total=7628 frequency=709379 bits=24 interval=0 case=5 writes=0 chip_alloc=0
NATIVE MIXED RUN prepare voices=2 total=1407 frequency=709379 bits=24 interval=0 case=6 writes=0 chip_alloc=0
NATIVE MIXED RUN prepare voices=2 total=1700 frequency=709379 bits=24 interval=0 case=7 writes=0 chip_alloc=0
NATIVE MIXED RUN prepare voices=2 total=1429 frequency=709379 bits=24 interval=0 case=8 writes=0 chip_alloc=0
NATIVE MIXED RUN prepare voices=2 total=7865 frequency=709379 bits=24 interval=0 case=9 writes=128 chip_alloc=0
NATIVE MIXED RUN prepare voices=2 total=8137 frequency=709379 bits=24 interval=0 case=10 writes=128 chip_alloc=0
NATIVE MIXED RUN prepare voices=2 total=8105 frequency=709379 bits=24 interval=0 case=11 writes=128 chip_alloc=0
NATIVE MIXED RUN prepare voices=2 total=7950 frequency=709379 bits=24 interval=0 case=12 writes=128 chip_alloc=0
NATIVE MIXED RUN prepare voices=2 total=8139 frequency=709379 bits=24 interval=0 case=13 writes=128 chip_alloc=0
NATIVE MIXED RUN prepare voices=2 total=8546 frequency=709379 bits=24 interval=0 case=14 writes=128 chip_alloc=0
NATIVE MIXED RUN prepare voices=2 total=7952 frequency=709379 bits=24 interval=0 case=15 writes=128 chip_alloc=0
NATIVE MIXED RUN prepare voices=2 total=8264 frequency=709379 bits=24 interval=0 case=16 writes=128 chip_alloc=0
NATIVE MIXED RUN prepare voices=2 total=877 frequency=709379 bits=24 interval=0 case=17 writes=0 chip_alloc=0
NATIVE MIXED RUN prepare voices=2 total=1142 frequency=709379 bits=24 interval=0 case=18 writes=0 chip_alloc=0
NATIVE MIXED RUN prepare voices=2 total=1043 frequency=709379 bits=24 interval=0 case=19 writes=0 chip_alloc=0
NATIVE MIXED RUN prepare voices=2 total=1145 frequency=709379 bits=24 interval=0 case=20 writes=0 chip_alloc=0
NATIVE MIXED RUN prepare voices=2 total=705 frequency=709379 bits=24 interval=0 case=21 writes=0 chip_alloc=0
NATIVE MIXED RUN prepare voices=2 total=702 frequency=709379 bits=24 interval=0 case=22 writes=0 chip_alloc=0
NATIVE MIXED RUN prepare voices=2 total=702 frequency=709379 bits=24 interval=0 case=23 writes=0 chip_alloc=0
NATIVE MIXED RUN prepare voices=2 total=699 frequency=709379 bits=24 interval=0 case=24 writes=0 chip_alloc=0
NATIVE MIXED RUN prepare voices=2 total=700 frequency=709379 bits=24 interval=0 case=25 writes=0 chip_alloc=0
NATIVE MIXED RUN prepare voices=2 total=700 frequency=709379 bits=24 interval=0 case=26 writes=0 chip_alloc=0
NATIVE MIXED RUN prepare voices=2 total=980 frequency=709379 bits=24 interval=0 case=27 writes=0 chip_alloc=0
NATIVE MIXED RUN prepare voices=2 total=704 frequency=709379 bits=24 interval=0 case=28 writes=0 chip_alloc=0
NATIVE MIXED RUN prepare voices=2 total=689 frequency=709379 bits=24 interval=0 case=29 writes=0 chip_alloc=0
NATIVE MIXED RUN prepare voices=2 total=693 frequency=709379 bits=24 interval=0 case=30 writes=0 chip_alloc=0
NATIVE MIXED RUN prepare voices=2 total=693 frequency=709379 bits=24 interval=0 case=31 writes=0 chip_alloc=0
NATIVE MIXED RUN prepare voices=2 total=692 frequency=709379 bits=24 interval=0 case=32 writes=0 chip_alloc=0
NATIVE MIXED RUN prepare voices=2 total=693 frequency=709379 bits=24 interval=0 case=33 writes=0 chip_alloc=0
NATIVE MIXED RUN prepare voices=2 total=1119 frequency=709379 bits=24 interval=0 case=34 writes=0 chip_alloc=0
NATIVE MIXED RUN prepare voices=2 total=695 frequency=709379 bits=24 interval=0 case=35 writes=0 chip_alloc=0
NATIVE MIXED RUN prepare voices=2 total=692 frequency=709379 bits=24 interval=0 case=36 writes=0 chip_alloc=0
NATIVE MIXED RUN prepare voices=2 total=689 frequency=709379 bits=24 interval=0 case=37 writes=0 chip_alloc=0
NATIVE MIXED RUN prepare voices=2 total=693 frequency=709379 bits=24 interval=0 case=38 writes=0 chip_alloc=0
NATIVE MIXED RUN prepare voices=2 total=692 frequency=709379 bits=24 interval=0 case=39 writes=0 chip_alloc=0
NATIVE MIXED RUN prepare voices=2 total=689 frequency=709379 bits=24 interval=0 case=40 writes=0 chip_alloc=0
NATIVE MIXED RUN prepare voices=2 total=15590 frequency=709379 bits=24 interval=0 case=41 writes=0 chip_alloc=0
NATIVE MIXED RUN prepare voices=2 total=702 frequency=709379 bits=24 interval=0 case=42 writes=0 chip_alloc=0
NATIVE MIXED RUN prepare voices=2 total=699 frequency=709379 bits=24 interval=0 case=43 writes=0 chip_alloc=0
NATIVE MIXED RUN prepare voices=2 total=700 frequency=709379 bits=24 interval=0 case=44 writes=0 chip_alloc=0
NATIVE MIXED RUN prepare voices=2 total=702 frequency=709379 bits=24 interval=0 case=45 writes=0 chip_alloc=0
NATIVE MIXED RUN prepare voices=2 total=703 frequency=709379 bits=24 interval=0 case=46 writes=0 chip_alloc=0
NATIVE MIXED RUN prepare voices=2 total=694 frequency=709379 bits=24 interval=0 case=47 writes=0 chip_alloc=0
NATIVE MIXED RUN prepare voices=2 total=693 frequency=709379 bits=24 interval=0 case=48 writes=0 chip_alloc=0
NATIVE MIXED RUN prepare voices=2 total=693 frequency=709379 bits=24 interval=0 case=49 writes=0 chip_alloc=0
NATIVE MIXED RUN prepare voices=2 total=689 frequency=709379 bits=24 interval=0 case=50 writes=0 chip_alloc=0
NATIVE MIXED RUN prepare voices=2 total=704 frequency=709379 bits=24 interval=0 case=51 writes=0 chip_alloc=0
NATIVE MIXED RUN prepare voices=2 total=701 frequency=709379 bits=24 interval=0 case=52 writes=0 chip_alloc=0
NATIVE MIXED RUN prepare voices=2 total=942 frequency=709379 bits=24 interval=0 case=53 writes=0 chip_alloc=0
NATIVE MIXED RUN prepare voices=2 total=705 frequency=709379 bits=24 interval=0 case=54 writes=0 chip_alloc=0
NATIVE MIXED RUN prepare voices=2 total=702 frequency=709379 bits=24 interval=0 case=55 writes=0 chip_alloc=0
NATIVE MIXED RUN prepare voices=2 total=702 frequency=709379 bits=24 interval=0 case=56 writes=0 chip_alloc=0
NATIVE MIXED RUN prepare voices=2 total=704 frequency=709379 bits=24 interval=0 case=57 writes=0 chip_alloc=0
NATIVE MIXED RUN prepare voices=2 total=700 frequency=709379 bits=24 interval=0 case=58 writes=0 chip_alloc=0
NATIVE MIXED RUN prepare voices=2 total=703 frequency=709379 bits=24 interval=0 case=59 writes=0 chip_alloc=0
NATIVE MIXED RUN prepare voices=2 total=937 frequency=709379 bits=24 interval=0 case=60 writes=0 chip_alloc=0
NATIVE MIXED RUN prepare voices=2 total=697 frequency=709379 bits=24 interval=0 case=61 writes=0 chip_alloc=0
NATIVE MIXED RUN prepare voices=2 total=700 frequency=709379 bits=24 interval=0 case=62 writes=0 chip_alloc=0
NATIVE MIXED RUN prepare voices=2 total=707 frequency=709379 bits=24 interval=0 case=63 writes=0 chip_alloc=0
NATIVE MIXED RUN service voices=2 total=848 frequency=709379 bits=24 interval=0 case=0
NATIVE MIXED RUN service voices=2 total=848 frequency=709379 bits=24 interval=0 case=1
NATIVE MIXED RUN service voices=2 total=848 frequency=709379 bits=24 interval=0 case=2
NATIVE MIXED RUN service voices=2 total=1091 frequency=709379 bits=24 interval=0 case=3
NATIVE MIXED RUN service voices=2 total=856 frequency=709379 bits=24 interval=0 case=4
NATIVE MIXED RUN service voices=2 total=859 frequency=709379 bits=24 interval=0 case=5
NATIVE MIXED RUN service voices=2 total=856 frequency=709379 bits=24 interval=0 case=6
NATIVE MIXED RUN boundary voices=2 total=2386 frequency=709379 bits=24 interval=1 result=11 outputs=3
NATIVE MIXED RUN prepare voices=2 total=973 frequency=709379 bits=24 interval=1 case=0 writes=0 chip_alloc=0
NATIVE MIXED RUN prepare voices=2 total=845 frequency=709379 bits=24 interval=1 case=1 writes=0 chip_alloc=0
NATIVE MIXED RUN prepare voices=2 total=857 frequency=709379 bits=24 interval=1 case=2 writes=0 chip_alloc=0
NATIVE MIXED RUN prepare voices=2 total=861 frequency=709379 bits=24 interval=1 case=3 writes=0 chip_alloc=0
NATIVE MIXED RUN prepare voices=2 total=858 frequency=709379 bits=24 interval=1 case=4 writes=0 chip_alloc=0
NATIVE MIXED RUN prepare voices=2 total=2315 frequency=709379 bits=24 interval=1 case=5 writes=0 chip_alloc=0
NATIVE MIXED RUN prepare voices=2 total=1498 frequency=709379 bits=24 interval=1 case=6 writes=0 chip_alloc=0
NATIVE MIXED RUN prepare voices=2 total=1540 frequency=709379 bits=24 interval=1 case=7 writes=0 chip_alloc=0
NATIVE MIXED RUN prepare voices=2 total=845 frequency=709379 bits=24 interval=1 case=8 writes=0 chip_alloc=0
NATIVE MIXED RUN prepare voices=2 total=691 frequency=709379 bits=24 interval=1 case=9 writes=0 chip_alloc=0
NATIVE MIXED RUN prepare voices=2 total=695 frequency=709379 bits=24 interval=1 case=10 writes=0 chip_alloc=0
NATIVE MIXED RUN prepare voices=2 total=693 frequency=709379 bits=24 interval=1 case=11 writes=0 chip_alloc=0
NATIVE MIXED RUN prepare voices=2 total=692 frequency=709379 bits=24 interval=1 case=12 writes=0 chip_alloc=0
NATIVE MIXED RUN prepare voices=2 total=688 frequency=709379 bits=24 interval=1 case=13 writes=0 chip_alloc=0
NATIVE MIXED RUN prepare voices=2 total=700 frequency=709379 bits=24 interval=1 case=14 writes=0 chip_alloc=0
NATIVE MIXED RUN prepare voices=2 total=701 frequency=709379 bits=24 interval=1 case=15 writes=0 chip_alloc=0
NATIVE MIXED RUN prepare voices=2 total=707 frequency=709379 bits=24 interval=1 case=16 writes=0 chip_alloc=0
NATIVE MIXED RUN prepare voices=2 total=699 frequency=709379 bits=24 interval=1 case=17 writes=0 chip_alloc=0
NATIVE MIXED RUN prepare voices=2 total=702 frequency=709379 bits=24 interval=1 case=18 writes=0 chip_alloc=0
NATIVE MIXED RUN prepare voices=2 total=700 frequency=709379 bits=24 interval=1 case=19 writes=0 chip_alloc=0
NATIVE MIXED RUN prepare voices=2 total=702 frequency=709379 bits=24 interval=1 case=20 writes=0 chip_alloc=0
NATIVE MIXED RUN prepare voices=2 total=702 frequency=709379 bits=24 interval=1 case=21 writes=0 chip_alloc=0
NATIVE MIXED RUN prepare voices=2 total=703 frequency=709379 bits=24 interval=1 case=22 writes=0 chip_alloc=0
NATIVE MIXED RUN prepare voices=2 total=694 frequency=709379 bits=24 interval=1 case=23 writes=0 chip_alloc=0
NATIVE MIXED RUN prepare voices=2 total=693 frequency=709379 bits=24 interval=1 case=24 writes=0 chip_alloc=0
NATIVE MIXED RUN prepare voices=2 total=693 frequency=709379 bits=24 interval=1 case=25 writes=0 chip_alloc=0
NATIVE MIXED RUN prepare voices=2 total=689 frequency=709379 bits=24 interval=1 case=26 writes=0 chip_alloc=0
NATIVE MIXED RUN prepare voices=2 total=692 frequency=709379 bits=24 interval=1 case=27 writes=0 chip_alloc=0
NATIVE MIXED RUN prepare voices=2 total=692 frequency=709379 bits=24 interval=1 case=28 writes=0 chip_alloc=0
NATIVE MIXED RUN prepare voices=2 total=692 frequency=709379 bits=24 interval=1 case=29 writes=0 chip_alloc=0
NATIVE MIXED RUN prepare voices=2 total=694 frequency=709379 bits=24 interval=1 case=30 writes=0 chip_alloc=0
NATIVE MIXED RUN prepare voices=2 total=694 frequency=709379 bits=24 interval=1 case=31 writes=0 chip_alloc=0
NATIVE MIXED RUN prepare voices=2 total=692 frequency=709379 bits=24 interval=1 case=32 writes=0 chip_alloc=0
NATIVE MIXED RUN prepare voices=2 total=700 frequency=709379 bits=24 interval=1 case=33 writes=0 chip_alloc=0
NATIVE MIXED RUN prepare voices=2 total=703 frequency=709379 bits=24 interval=1 case=34 writes=0 chip_alloc=0
NATIVE MIXED RUN prepare voices=2 total=700 frequency=709379 bits=24 interval=1 case=35 writes=0 chip_alloc=0
NATIVE MIXED RUN prepare voices=2 total=704 frequency=709379 bits=24 interval=1 case=36 writes=0 chip_alloc=0
NATIVE MIXED RUN prepare voices=2 total=701 frequency=709379 bits=24 interval=1 case=37 writes=0 chip_alloc=0
NATIVE MIXED RUN prepare voices=2 total=705 frequency=709379 bits=24 interval=1 case=38 writes=0 chip_alloc=0
NATIVE MIXED RUN prepare voices=2 total=703 frequency=709379 bits=24 interval=1 case=39 writes=0 chip_alloc=0
NATIVE MIXED RUN prepare voices=2 total=702 frequency=709379 bits=24 interval=1 case=40 writes=0 chip_alloc=0
NATIVE MIXED RUN prepare voices=2 total=693 frequency=709379 bits=24 interval=1 case=41 writes=0 chip_alloc=0
NATIVE MIXED RUN prepare voices=2 total=691 frequency=709379 bits=24 interval=1 case=42 writes=0 chip_alloc=0
NATIVE MIXED RUN prepare voices=2 total=692 frequency=709379 bits=24 interval=1 case=43 writes=0 chip_alloc=0
NATIVE MIXED RUN prepare voices=2 total=695 frequency=709379 bits=24 interval=1 case=44 writes=0 chip_alloc=0
NATIVE MIXED RUN prepare voices=2 total=693 frequency=709379 bits=24 interval=1 case=45 writes=0 chip_alloc=0
NATIVE MIXED RUN prepare voices=2 total=689 frequency=709379 bits=24 interval=1 case=46 writes=0 chip_alloc=0
NATIVE MIXED RUN prepare voices=2 total=693 frequency=709379 bits=24 interval=1 case=47 writes=0 chip_alloc=0
NATIVE MIXED RUN prepare voices=2 total=694 frequency=709379 bits=24 interval=1 case=48 writes=0 chip_alloc=0
NATIVE MIXED RUN prepare voices=2 total=693 frequency=709379 bits=24 interval=1 case=49 writes=0 chip_alloc=0
NATIVE MIXED RUN prepare voices=2 total=693 frequency=709379 bits=24 interval=1 case=50 writes=0 chip_alloc=0
NATIVE MIXED RUN prepare voices=2 total=703 frequency=709379 bits=24 interval=1 case=51 writes=0 chip_alloc=0
NATIVE MIXED RUN prepare voices=2 total=704 frequency=709379 bits=24 interval=1 case=52 writes=0 chip_alloc=0
NATIVE MIXED RUN prepare voices=2 total=700 frequency=709379 bits=24 interval=1 case=53 writes=0 chip_alloc=0
NATIVE MIXED RUN prepare voices=2 total=700 frequency=709379 bits=24 interval=1 case=54 writes=0 chip_alloc=0
NATIVE MIXED RUN prepare voices=2 total=703 frequency=709379 bits=24 interval=1 case=55 writes=0 chip_alloc=0
NATIVE MIXED RUN prepare voices=2 total=701 frequency=709379 bits=24 interval=1 case=56 writes=0 chip_alloc=0
NATIVE MIXED RUN prepare voices=2 total=705 frequency=709379 bits=24 interval=1 case=57 writes=0 chip_alloc=0
NATIVE MIXED RUN prepare voices=2 total=702 frequency=709379 bits=24 interval=1 case=58 writes=0 chip_alloc=0
NATIVE MIXED RUN prepare voices=2 total=703 frequency=709379 bits=24 interval=1 case=59 writes=0 chip_alloc=0
NATIVE MIXED RUN prepare voices=2 total=699 frequency=709379 bits=24 interval=1 case=60 writes=0 chip_alloc=0
NATIVE MIXED RUN prepare voices=2 total=693 frequency=709379 bits=24 interval=1 case=61 writes=0 chip_alloc=0
NATIVE MIXED RUN prepare voices=2 total=694 frequency=709379 bits=24 interval=1 case=62 writes=0 chip_alloc=0
NATIVE MIXED RUN prepare voices=2 total=693 frequency=709379 bits=24 interval=1 case=63 writes=0 chip_alloc=0
NATIVE MIXED RUN service voices=2 total=893 frequency=709379 bits=24 interval=1 case=7
NATIVE MIXED RUN service voices=2 total=858 frequency=709379 bits=24 interval=1 case=8
NATIVE MIXED RUN service voices=2 total=860 frequency=709379 bits=24 interval=1 case=9
NATIVE MIXED RUN service voices=2 total=861 frequency=709379 bits=24 interval=1 case=10
NATIVE MIXED RUN service voices=2 total=1091 frequency=709379 bits=24 interval=1 case=11
NATIVE MIXED RUN service voices=2 total=848 frequency=709379 bits=24 interval=1 case=12
NATIVE MIXED RUN boundary voices=2 total=2002 frequency=709379 bits=24 interval=2 result=8 outputs=0
NATIVE MIXED RUN prepare voices=16 total=980 frequency=709379 bits=24 interval=0 case=0 writes=0 chip_alloc=0
NATIVE MIXED RUN prepare voices=16 total=1748 frequency=709379 bits=24 interval=0 case=1 writes=0 chip_alloc=0
NATIVE MIXED RUN prepare voices=16 total=1729 frequency=709379 bits=24 interval=0 case=2 writes=0 chip_alloc=0
NATIVE MIXED RUN prepare voices=16 total=1728 frequency=709379 bits=24 interval=0 case=3 writes=0 chip_alloc=0
NATIVE MIXED RUN prepare voices=16 total=1729 frequency=709379 bits=24 interval=0 case=4 writes=0 chip_alloc=0
NATIVE MIXED RUN prepare voices=16 total=12374 frequency=709379 bits=24 interval=0 case=5 writes=0 chip_alloc=0
NATIVE MIXED RUN prepare voices=16 total=1459 frequency=709379 bits=24 interval=0 case=6 writes=0 chip_alloc=0
NATIVE MIXED RUN prepare voices=16 total=1413 frequency=709379 bits=24 interval=0 case=7 writes=0 chip_alloc=0
NATIVE MIXED RUN prepare voices=16 total=1418 frequency=709379 bits=24 interval=0 case=8 writes=0 chip_alloc=0
NATIVE MIXED RUN prepare voices=16 total=1462 frequency=709379 bits=24 interval=0 case=9 writes=0 chip_alloc=0
NATIVE MIXED RUN prepare voices=16 total=2328 frequency=709379 bits=24 interval=0 case=10 writes=0 chip_alloc=0
NATIVE MIXED RUN prepare voices=16 total=1171 frequency=709379 bits=24 interval=0 case=11 writes=0 chip_alloc=0
NATIVE MIXED RUN prepare voices=16 total=8194 frequency=709379 bits=24 interval=0 case=12 writes=128 chip_alloc=0
NATIVE MIXED RUN prepare voices=16 total=8204 frequency=709379 bits=24 interval=0 case=13 writes=128 chip_alloc=0
NATIVE MIXED RUN prepare voices=16 total=7865 frequency=709379 bits=24 interval=0 case=14 writes=128 chip_alloc=0
NATIVE MIXED RUN prepare voices=16 total=8169 frequency=709379 bits=24 interval=0 case=15 writes=128 chip_alloc=0
NATIVE MIXED RUN prepare voices=16 total=8355 frequency=709379 bits=24 interval=0 case=16 writes=128 chip_alloc=0
NATIVE MIXED RUN prepare voices=16 total=7865 frequency=709379 bits=24 interval=0 case=17 writes=128 chip_alloc=0
NATIVE MIXED RUN prepare voices=16 total=22329 frequency=709379 bits=24 interval=0 case=18 writes=128 chip_alloc=0
NATIVE MIXED RUN prepare voices=16 total=12350 frequency=709379 bits=24 interval=0 case=19 writes=128 chip_alloc=0
NATIVE MIXED RUN prepare voices=16 total=882 frequency=709379 bits=24 interval=0 case=20 writes=0 chip_alloc=0
NATIVE MIXED RUN prepare voices=16 total=1143 frequency=709379 bits=24 interval=0 case=21 writes=0 chip_alloc=0
NATIVE MIXED RUN prepare voices=16 total=1045 frequency=709379 bits=24 interval=0 case=22 writes=0 chip_alloc=0
NATIVE MIXED RUN prepare voices=16 total=1017 frequency=709379 bits=24 interval=0 case=23 writes=0 chip_alloc=0
NATIVE MIXED RUN prepare voices=16 total=1043 frequency=709379 bits=24 interval=0 case=24 writes=0 chip_alloc=0
NATIVE MIXED RUN prepare voices=16 total=1018 frequency=709379 bits=24 interval=0 case=25 writes=0 chip_alloc=0
NATIVE MIXED RUN prepare voices=16 total=1041 frequency=709379 bits=24 interval=0 case=26 writes=0 chip_alloc=0
NATIVE MIXED RUN prepare voices=16 total=1015 frequency=709379 bits=24 interval=0 case=27 writes=0 chip_alloc=0
NATIVE MIXED RUN prepare voices=16 total=1044 frequency=709379 bits=24 interval=0 case=28 writes=0 chip_alloc=0
NATIVE MIXED RUN prepare voices=16 total=1038 frequency=709379 bits=24 interval=0 case=29 writes=0 chip_alloc=0
NATIVE MIXED RUN prepare voices=16 total=1014 frequency=709379 bits=24 interval=0 case=30 writes=0 chip_alloc=0
NATIVE MIXED RUN prepare voices=16 total=1039 frequency=709379 bits=24 interval=0 case=31 writes=0 chip_alloc=0
NATIVE MIXED RUN prepare voices=16 total=1015 frequency=709379 bits=24 interval=0 case=32 writes=0 chip_alloc=0
NATIVE MIXED RUN prepare voices=16 total=1040 frequency=709379 bits=24 interval=0 case=33 writes=0 chip_alloc=0
NATIVE MIXED RUN prepare voices=16 total=911 frequency=709379 bits=24 interval=0 case=34 writes=0 chip_alloc=0
NATIVE MIXED RUN prepare voices=16 total=703 frequency=709379 bits=24 interval=0 case=35 writes=0 chip_alloc=0
NATIVE MIXED RUN prepare voices=16 total=703 frequency=709379 bits=24 interval=0 case=36 writes=0 chip_alloc=0
NATIVE MIXED RUN prepare voices=16 total=701 frequency=709379 bits=24 interval=0 case=37 writes=0 chip_alloc=0
NATIVE MIXED RUN prepare voices=16 total=702 frequency=709379 bits=24 interval=0 case=38 writes=0 chip_alloc=0
NATIVE MIXED RUN prepare voices=16 total=705 frequency=709379 bits=24 interval=0 case=39 writes=0 chip_alloc=0
NATIVE MIXED RUN prepare voices=16 total=707 frequency=709379 bits=24 interval=0 case=40 writes=0 chip_alloc=0
NATIVE MIXED RUN prepare voices=16 total=704 frequency=709379 bits=24 interval=0 case=41 writes=0 chip_alloc=0
NATIVE MIXED RUN prepare voices=16 total=688 frequency=709379 bits=24 interval=0 case=42 writes=0 chip_alloc=0
NATIVE MIXED RUN prepare voices=16 total=700 frequency=709379 bits=24 interval=0 case=43 writes=0 chip_alloc=0
NATIVE MIXED RUN prepare voices=16 total=701 frequency=709379 bits=24 interval=0 case=44 writes=0 chip_alloc=0
NATIVE MIXED RUN prepare voices=16 total=701 frequency=709379 bits=24 interval=0 case=45 writes=0 chip_alloc=0
NATIVE MIXED RUN prepare voices=16 total=702 frequency=709379 bits=24 interval=0 case=46 writes=0 chip_alloc=0
NATIVE MIXED RUN prepare voices=16 total=705 frequency=709379 bits=24 interval=0 case=47 writes=0 chip_alloc=0
NATIVE MIXED RUN prepare voices=16 total=946 frequency=709379 bits=24 interval=0 case=48 writes=0 chip_alloc=0
NATIVE MIXED RUN prepare voices=16 total=703 frequency=709379 bits=24 interval=0 case=49 writes=0 chip_alloc=0
NATIVE MIXED RUN prepare voices=16 total=703 frequency=709379 bits=24 interval=0 case=50 writes=0 chip_alloc=0
NATIVE MIXED RUN prepare voices=16 total=699 frequency=709379 bits=24 interval=0 case=51 writes=0 chip_alloc=0
NATIVE MIXED RUN prepare voices=16 total=701 frequency=709379 bits=24 interval=0 case=52 writes=0 chip_alloc=0
NATIVE MIXED RUN prepare voices=16 total=700 frequency=709379 bits=24 interval=0 case=53 writes=0 chip_alloc=0
NATIVE MIXED RUN prepare voices=16 total=700 frequency=709379 bits=24 interval=0 case=54 writes=0 chip_alloc=0
NATIVE MIXED RUN prepare voices=16 total=701 frequency=709379 bits=24 interval=0 case=55 writes=0 chip_alloc=0
NATIVE MIXED RUN prepare voices=16 total=700 frequency=709379 bits=24 interval=0 case=56 writes=0 chip_alloc=0
NATIVE MIXED RUN prepare voices=16 total=703 frequency=709379 bits=24 interval=0 case=57 writes=0 chip_alloc=0
NATIVE MIXED RUN prepare voices=16 total=703 frequency=709379 bits=24 interval=0 case=58 writes=0 chip_alloc=0
NATIVE MIXED RUN prepare voices=16 total=698 frequency=709379 bits=24 interval=0 case=59 writes=0 chip_alloc=0
NATIVE MIXED RUN prepare voices=16 total=700 frequency=709379 bits=24 interval=0 case=60 writes=0 chip_alloc=0
NATIVE MIXED RUN prepare voices=16 total=699 frequency=709379 bits=24 interval=0 case=61 writes=0 chip_alloc=0
NATIVE MIXED RUN prepare voices=16 total=936 frequency=709379 bits=24 interval=0 case=62 writes=0 chip_alloc=0
NATIVE MIXED RUN prepare voices=16 total=693 frequency=709379 bits=24 interval=0 case=63 writes=0 chip_alloc=0
NATIVE MIXED RUN service voices=16 total=1747 frequency=709379 bits=24 interval=0 case=0
NATIVE MIXED RUN service voices=16 total=1726 frequency=709379 bits=24 interval=0 case=1
NATIVE MIXED RUN service voices=16 total=1725 frequency=709379 bits=24 interval=0 case=2
NATIVE MIXED RUN service voices=16 total=1967 frequency=709379 bits=24 interval=0 case=3
NATIVE MIXED RUN service voices=16 total=1722 frequency=709379 bits=24 interval=0 case=4
NATIVE MIXED RUN service voices=16 total=1726 frequency=709379 bits=24 interval=0 case=5
NATIVE MIXED RUN service voices=16 total=1722 frequency=709379 bits=24 interval=0 case=6
NATIVE MIXED RUN boundary voices=16 total=4069 frequency=709379 bits=24 interval=1 result=11 outputs=17
NATIVE MIXED RUN prepare voices=16 total=969 frequency=709379 bits=24 interval=1 case=0 writes=0 chip_alloc=0
NATIVE MIXED RUN prepare voices=16 total=1724 frequency=709379 bits=24 interval=1 case=1 writes=0 chip_alloc=0
NATIVE MIXED RUN prepare voices=16 total=1724 frequency=709379 bits=24 interval=1 case=2 writes=0 chip_alloc=0
NATIVE MIXED RUN prepare voices=16 total=1750 frequency=709379 bits=24 interval=1 case=3 writes=0 chip_alloc=0
NATIVE MIXED RUN prepare voices=16 total=16195 frequency=709379 bits=24 interval=1 case=4 writes=0 chip_alloc=0
NATIVE MIXED RUN prepare voices=16 total=2323 frequency=709379 bits=24 interval=1 case=5 writes=0 chip_alloc=0
NATIVE MIXED RUN prepare voices=16 total=1519 frequency=709379 bits=24 interval=1 case=6 writes=0 chip_alloc=0
NATIVE MIXED RUN prepare voices=16 total=875 frequency=709379 bits=24 interval=1 case=7 writes=0 chip_alloc=0
NATIVE MIXED RUN prepare voices=16 total=878 frequency=709379 bits=24 interval=1 case=8 writes=0 chip_alloc=0
NATIVE MIXED RUN prepare voices=16 total=702 frequency=709379 bits=24 interval=1 case=9 writes=0 chip_alloc=0
NATIVE MIXED RUN prepare voices=16 total=704 frequency=709379 bits=24 interval=1 case=10 writes=0 chip_alloc=0
NATIVE MIXED RUN prepare voices=16 total=703 frequency=709379 bits=24 interval=1 case=11 writes=0 chip_alloc=0
NATIVE MIXED RUN prepare voices=16 total=688 frequency=709379 bits=24 interval=1 case=12 writes=0 chip_alloc=0
NATIVE MIXED RUN prepare voices=16 total=692 frequency=709379 bits=24 interval=1 case=13 writes=0 chip_alloc=0
NATIVE MIXED RUN prepare voices=16 total=691 frequency=709379 bits=24 interval=1 case=14 writes=0 chip_alloc=0
NATIVE MIXED RUN prepare voices=16 total=693 frequency=709379 bits=24 interval=1 case=15 writes=0 chip_alloc=0
NATIVE MIXED RUN prepare voices=16 total=692 frequency=709379 bits=24 interval=1 case=16 writes=0 chip_alloc=0
NATIVE MIXED RUN prepare voices=16 total=693 frequency=709379 bits=24 interval=1 case=17 writes=0 chip_alloc=0
NATIVE MIXED RUN prepare voices=16 total=703 frequency=709379 bits=24 interval=1 case=18 writes=0 chip_alloc=0
NATIVE MIXED RUN prepare voices=16 total=702 frequency=709379 bits=24 interval=1 case=19 writes=0 chip_alloc=0
NATIVE MIXED RUN prepare voices=16 total=698 frequency=709379 bits=24 interval=1 case=20 writes=0 chip_alloc=0
NATIVE MIXED RUN prepare voices=16 total=700 frequency=709379 bits=24 interval=1 case=21 writes=0 chip_alloc=0
NATIVE MIXED RUN prepare voices=16 total=691 frequency=709379 bits=24 interval=1 case=22 writes=0 chip_alloc=0
NATIVE MIXED RUN prepare voices=16 total=693 frequency=709379 bits=24 interval=1 case=23 writes=0 chip_alloc=0
NATIVE MIXED RUN prepare voices=16 total=694 frequency=709379 bits=24 interval=1 case=24 writes=0 chip_alloc=0
NATIVE MIXED RUN prepare voices=16 total=695 frequency=709379 bits=24 interval=1 case=25 writes=0 chip_alloc=0
NATIVE MIXED RUN prepare voices=16 total=693 frequency=709379 bits=24 interval=1 case=26 writes=0 chip_alloc=0
NATIVE MIXED RUN prepare voices=16 total=692 frequency=709379 bits=24 interval=1 case=27 writes=0 chip_alloc=0
NATIVE MIXED RUN prepare voices=16 total=689 frequency=709379 bits=24 interval=1 case=28 writes=0 chip_alloc=0
NATIVE MIXED RUN prepare voices=16 total=702 frequency=709379 bits=24 interval=1 case=29 writes=0 chip_alloc=0
NATIVE MIXED RUN prepare voices=16 total=702 frequency=709379 bits=24 interval=1 case=30 writes=0 chip_alloc=0
NATIVE MIXED RUN prepare voices=16 total=702 frequency=709379 bits=24 interval=1 case=31 writes=0 chip_alloc=0
NATIVE MIXED RUN prepare voices=16 total=705 frequency=709379 bits=24 interval=1 case=32 writes=0 chip_alloc=0
NATIVE MIXED RUN prepare voices=16 total=707 frequency=709379 bits=24 interval=1 case=33 writes=0 chip_alloc=0
NATIVE MIXED RUN prepare voices=16 total=704 frequency=709379 bits=24 interval=1 case=34 writes=0 chip_alloc=0
NATIVE MIXED RUN prepare voices=16 total=702 frequency=709379 bits=24 interval=1 case=35 writes=0 chip_alloc=0
NATIVE MIXED RUN prepare voices=16 total=700 frequency=709379 bits=24 interval=1 case=36 writes=0 chip_alloc=0
NATIVE MIXED RUN prepare voices=16 total=701 frequency=709379 bits=24 interval=1 case=37 writes=0 chip_alloc=0
NATIVE MIXED RUN prepare voices=16 total=707 frequency=709379 bits=24 interval=1 case=38 writes=0 chip_alloc=0
NATIVE MIXED RUN prepare voices=16 total=703 frequency=709379 bits=24 interval=1 case=39 writes=0 chip_alloc=0
NATIVE MIXED RUN prepare voices=16 total=703 frequency=709379 bits=24 interval=1 case=40 writes=0 chip_alloc=0
NATIVE MIXED RUN prepare voices=16 total=699 frequency=709379 bits=24 interval=1 case=41 writes=0 chip_alloc=0
NATIVE MIXED RUN prepare voices=16 total=945 frequency=709379 bits=24 interval=1 case=42 writes=0 chip_alloc=0
NATIVE MIXED RUN prepare voices=16 total=702 frequency=709379 bits=24 interval=1 case=43 writes=0 chip_alloc=0
NATIVE MIXED RUN prepare voices=16 total=702 frequency=709379 bits=24 interval=1 case=44 writes=0 chip_alloc=0
NATIVE MIXED RUN prepare voices=16 total=703 frequency=709379 bits=24 interval=1 case=45 writes=0 chip_alloc=0
NATIVE MIXED RUN prepare voices=16 total=701 frequency=709379 bits=24 interval=1 case=46 writes=0 chip_alloc=0
NATIVE MIXED RUN prepare voices=16 total=702 frequency=709379 bits=24 interval=1 case=47 writes=0 chip_alloc=0
NATIVE MIXED RUN prepare voices=16 total=705 frequency=709379 bits=24 interval=1 case=48 writes=0 chip_alloc=0
NATIVE MIXED RUN prepare voices=16 total=723 frequency=709379 bits=24 interval=1 case=49 writes=0 chip_alloc=0
NATIVE MIXED RUN prepare voices=16 total=702 frequency=709379 bits=24 interval=1 case=50 writes=0 chip_alloc=0
NATIVE MIXED RUN prepare voices=16 total=705 frequency=709379 bits=24 interval=1 case=51 writes=0 chip_alloc=0
NATIVE MIXED RUN prepare voices=16 total=707 frequency=709379 bits=24 interval=1 case=52 writes=0 chip_alloc=0
NATIVE MIXED RUN prepare voices=16 total=704 frequency=709379 bits=24 interval=1 case=53 writes=0 chip_alloc=0
NATIVE MIXED RUN prepare voices=16 total=702 frequency=709379 bits=24 interval=1 case=54 writes=0 chip_alloc=0
NATIVE MIXED RUN prepare voices=16 total=702 frequency=709379 bits=24 interval=1 case=55 writes=0 chip_alloc=0
NATIVE MIXED RUN prepare voices=16 total=937 frequency=709379 bits=24 interval=1 case=56 writes=0 chip_alloc=0
NATIVE MIXED RUN prepare voices=16 total=692 frequency=709379 bits=24 interval=1 case=57 writes=0 chip_alloc=0
NATIVE MIXED RUN prepare voices=16 total=692 frequency=709379 bits=24 interval=1 case=58 writes=0 chip_alloc=0
NATIVE MIXED RUN prepare voices=16 total=692 frequency=709379 bits=24 interval=1 case=59 writes=0 chip_alloc=0
NATIVE MIXED RUN prepare voices=16 total=689 frequency=709379 bits=24 interval=1 case=60 writes=0 chip_alloc=0
NATIVE MIXED RUN prepare voices=16 total=692 frequency=709379 bits=24 interval=1 case=61 writes=0 chip_alloc=0
NATIVE MIXED RUN prepare voices=16 total=691 frequency=709379 bits=24 interval=1 case=62 writes=0 chip_alloc=0
NATIVE MIXED RUN prepare voices=16 total=693 frequency=709379 bits=24 interval=1 case=63 writes=0 chip_alloc=0
NATIVE MIXED RUN service voices=16 total=1747 frequency=709379 bits=24 interval=1 case=7
NATIVE MIXED RUN service voices=16 total=1744 frequency=709379 bits=24 interval=1 case=8
NATIVE MIXED RUN service voices=16 total=1747 frequency=709379 bits=24 interval=1 case=9
NATIVE MIXED RUN service voices=16 total=1744 frequency=709379 bits=24 interval=1 case=10
NATIVE MIXED RUN service voices=16 total=2172 frequency=709379 bits=24 interval=1 case=11
NATIVE MIXED RUN service voices=16 total=1726 frequency=709379 bits=24 interval=1 case=12
NATIVE MIXED RUN boundary voices=16 total=3437 frequency=709379 bits=24 interval=2 result=8 outputs=0
NATIVE MIXED TRANSPORT pending private alarm cancellation/reader retention PASS; no playback output
NATIVE MIXED TRANSPORT pending private alarm cancellation/reader retention PASS; no playback output
NATIVE MIXED TRANSPORT pending private alarm cancellation/reader retention PASS; no playback output
MIXED OWNER PASS:60 native retirement8/16/24 scenarios,6component/6running/3cancel-reuse/3ready-safety (26mutations each)/39injected-pump/3native-private-alarm, manual source/current/next/prefetch/complete public calls, bounded preparation, allocation/upload-free commit/next, global action order, resource cleanup; injected voices, no timed playback acceptance
EXEC MEMORY PASS: 669 Fast allocations, zero owned bytes, budget refusal without Chip fallback
